family,model_type,seed,record_count,mean_nrmse,median_nrmse,worst_nrmse,mean_valid_prediction_time,median_valid_prediction_time,divergence_count,collapse_count
known_short,parameter_aware,42,9,0.0058422941535202135,0.0022336483694112576,0.025987166436578318,80.0,80.0,0,0
known_short,parameter_aware,123,9,0.007115487777186339,0.005261829751769206,0.017972236958585647,80.0,80.0,0,0
known_short,parameter_aware,456,9,7.460849766800964,6.847612545604091,9.579435509288473,1.0255555555555556,0.84,9,0
known_short,parameter_aware,789,9,0.008637471343308485,0.006431634494272834,0.01871662066049906,80.0,80.0,0,0
known_short,parameter_aware,2026,9,0.0027222632059014356,0.0009523530671564763,0.01467162720324286,80.0,80.0,0,0
known_short,ordinary_baseline,42,9,0.7089258261116417,0.6668147892332174,1.2649072980744882,9.703333333333333,9.35,0,0
known_short,ordinary_baseline,123,9,0.7076486232221987,0.6591389962326202,1.270689717033648,9.786666666666667,9.92,0,0
known_short,ordinary_baseline,456,9,0.7100538524936343,0.6524672328206055,1.2808222304566466,9.758888888888889,9.96,0,0
known_short,ordinary_baseline,789,9,0.7035887364006754,0.5958806201187281,1.3367640287508586,11.674444444444445,13.780000000000001,0,0
known_short,ordinary_baseline,2026,9,0.7103098862749706,0.6642396165070533,1.2620109541355748,9.571111111111112,9.0,0,0
unseen_short,parameter_aware,42,6,0.5543366302055327,0.5392931558494086,0.7201743512574087,19.808333333333334,17.15,0,0
unseen_short,parameter_aware,123,6,0.4917754815517363,0.48179047891720583,0.6105104274637746,24.73,17.07,0,0
unseen_short,parameter_aware,456,6,6.733028321591629,6.739703445257189,6.811031400232116,0.5066666666666667,0.445,6,0
unseen_short,parameter_aware,789,6,0.7474564918287182,0.7301908591595461,0.8848903365445249,15.104999999999999,13.225,0,0
unseen_short,parameter_aware,2026,6,0.23888701932627474,0.21269662469786496,0.3351927040653413,24.89833333333333,19.71,0,0
unseen_short,ordinary_baseline,42,6,0.6017792884201624,0.6012421951257412,0.6916759065298277,7.2,7.48,0,0
unseen_short,ordinary_baseline,123,6,0.6009096538285705,0.597910078283513,0.6918768044715015,7.185,7.455,0,0
unseen_short,ordinary_baseline,456,6,0.6010127373235727,0.5987834390958644,0.6931992254828329,6.16,6.635,0,0
unseen_short,ordinary_baseline,789,6,0.5992721499735555,0.5945557538438422,0.6925382174845005,7.228333333333333,7.494999999999999,0,0
unseen_short,ordinary_baseline,2026,6,0.6010926643389899,0.5980686095375254,0.6930710428853312,6.213333333333334,6.8,0,0
known_long,parameter_aware,42,3,0.013512671749031334,0.007971780705863773,0.029224264373473183,277.80333333333334,279.99,0,0
known_long,parameter_aware,123,3,0.04996908554903062,0.023331741769925557,0.12397754333128577,250.83666666666667,279.99,0,0
known_long,parameter_aware,456,3,7.439046531805444,6.6931536416705315,9.186351940634493,0.82,0.81,3,0
known_long,parameter_aware,789,3,0.04594894806709603,0.012844114207745633,0.11971121881149716,266.7966666666667,279.99,0,0
known_long,parameter_aware,2026,3,0.024248680432138403,0.003955274875785174,0.06620514116170657,266.9066666666667,279.99,0,0
known_long,ordinary_baseline,42,3,0.769755786616212,0.6643564305415305,1.086796076420597,14.126666666666667,13.69,0,0
known_long,ordinary_baseline,123,3,0.7730210384695843,0.6642867239904601,1.0967297770613598,14.21,13.66,0,0
known_long,ordinary_baseline,456,3,0.770623775607306,0.6641944689188662,1.090399943338048,14.166666666666666,13.71,0,0
known_long,ordinary_baseline,789,3,0.8002636322717179,0.6696902277204875,1.1741214169470464,18.296666666666667,18.82,0,0
known_long,ordinary_baseline,2026,3,0.7647185569595213,0.6635995689467099,1.0729293092228998,13.92,13.67,0,0
unseen_long,parameter_aware,42,2,0.7509265981964222,0.7509265981964222,0.7608587135684584,16.935000000000002,16.935000000000002,0,0
unseen_long,parameter_aware,123,2,0.7540965568212438,0.7540965568212438,0.7674997384597995,30.39,30.39,0,0
unseen_long,parameter_aware,456,2,6.617617894855655,6.617617894855655,6.66490332348268,0.56,0.56,2,0
unseen_long,parameter_aware,789,2,0.7637471284656769,0.7637471284656769,0.7796219976716501,7.345,7.345,0,0
unseen_long,parameter_aware,2026,2,0.4715841843412736,0.4715841843412736,0.47459459354197914,17.740000000000002,17.740000000000002,0,0
unseen_long,ordinary_baseline,42,2,0.608893047250224,0.608893047250224,0.6571195976529338,6.455,6.455,0,0
unseen_long,ordinary_baseline,123,2,0.6089357450917025,0.6089357450917025,0.6570087830327633,6.444999999999999,6.444999999999999,0,0
unseen_long,ordinary_baseline,456,2,0.6075608398282846,0.6075608398282846,0.6557263399677936,6.445,6.445,0,0
unseen_long,ordinary_baseline,789,2,0.6124307468205836,0.6124307468205836,0.6616921844166858,6.48,6.48,0,0
unseen_long,ordinary_baseline,2026,2,0.6076292650812445,0.6076292650812445,0.6555497827458382,6.4399999999999995,6.4399999999999995,0,0
continuous,parameter_aware,42,1,0.78561248920145,0.78561248920145,0.78561248920145,734.65,734.65,0,0
continuous,parameter_aware,123,1,0.7681426492396907,0.7681426492396907,0.7681426492396907,980.02,980.02,0,0
continuous,parameter_aware,456,1,7.2189193673704946,7.2189193673704946,7.2189193673704946,6.34,6.34,1,0
continuous,parameter_aware,789,1,0.8069617762750125,0.8069617762750125,0.8069617762750125,442.99,442.99,1,0
continuous,parameter_aware,2026,1,0.6974605476499918,0.6974605476499918,0.6974605476499918,980.0,980.0,0,0
continuous,ordinary_baseline,42,1,0.9620530817714608,0.9620530817714608,0.9620530817714608,2.48,2.48,0,0
continuous,ordinary_baseline,123,1,0.9651004460372042,0.9651004460372042,0.9651004460372042,2.54,2.54,0,0
continuous,ordinary_baseline,456,1,0.9596430192543919,0.9596430192543919,0.9596430192543919,2.5300000000000002,2.5300000000000002,0,0
continuous,ordinary_baseline,789,1,0.9849800641284482,0.9849800641284482,0.9849800641284482,2.62,2.62,0,0
continuous,ordinary_baseline,2026,1,0.956906774827604,0.956906774827604,0.956906774827604,2.5100000000000002,2.5100000000000002,0,0
