record_id,family,model_type,seed,current,window,warmup_start,warmup_stop,forecast_start,forecast_stop,aggregate_nrmse_value,numerical_failure,failure_step,failure_reason,raw_arrays_path,raw_arrays_sha256,sample_count,dt,rmse_state,nrmse_state,r2_macro,r2_macro_defined,r2_macro_state_count,correlation_macro,correlation_macro_defined,correlation_macro_state_count,collapse_std_ratio_threshold,prediction_collapse_any,prediction_collapse_state_count,prediction_collapse_defined_state_count,valid_prediction_threshold,valid_prediction_steps,valid_prediction_time,divergence_threshold,diverged,divergence_index,divergence_time,divergence_reason,rmse_x,nrmse_x,r2_x,r2_x_defined,correlation_x,correlation_x_defined,prediction_std_x,target_std_x,prediction_target_std_ratio_x,prediction_target_std_ratio_x_defined,prediction_collapsed_x,prediction_collapse_x_defined,rmse_y,nrmse_y,r2_y,r2_y_defined,correlation_y,correlation_y_defined,prediction_std_y,target_std_y,prediction_target_std_ratio_y,prediction_target_std_ratio_y_defined,prediction_collapsed_y,prediction_collapse_y_defined,rmse_z,nrmse_z,r2_z,r2_z_defined,correlation_z,correlation_z_defined,prediction_std_z,target_std_z,prediction_target_std_ratio_z,prediction_target_std_ratio_z_defined,prediction_collapsed_z,prediction_collapse_z_defined
unseen_short__parameter_aware__seed_42__I_3p29__window_1,unseen_short,parameter_aware,42,3.29,1,70000,72000,72000,80000,0.44683612656086,0,,,chapter2/final_results/raw_arrays/unseen_short__parameter_aware__seed_42__I_3p29__window_1.npz,cff78db66452c690689c6f35cd59d414ec89ac36fae6affa462af4bfd5f4484e,8000,0.01,0.5361791474450298,0.44683612656086,0.667350663790786,1,3,0.8332533938528223,1,3,0.05,0,0,3,0.4,2014,20.14,5.0,0,,,,0.387398257882042,0.7289457174938352,0.45339250498849404,1,0.7242706146358413,1,0.5191718306555614,0.5239862276031508,0.9908119780750503,1,0,1,0.8438131854353091,0.2590671572057495,0.6745164074912801,1,0.8289150672095593,1,1.3805581235063014,1.4790462578320733,0.9334110520179862,1,0,1,0.019134584921404265,0.022581430523070545,0.8741430788925839,1,0.9465744997130663,1,0.052921633381806985,0.053936218443747255,0.9811891695188377,1,0,1
unseen_short__parameter_aware__seed_42__I_3p29__window_2,unseen_short,parameter_aware,42,3.29,2,80000,82000,82000,90000,0.6008555099811768,0,,,chapter2/final_results/raw_arrays/unseen_short__parameter_aware__seed_42__I_3p29__window_2.npz,172262cfc48678041ab0abbbc9bf6db2f5669ae37bcf9e1499fc781ea2f98f95,8000,0.01,0.7164215367599935,0.6008555099811768,0.5098077164527682,1,3,0.7558713999812163,1,3,0.05,0,0,3,0.4,1695,16.95,5.0,0,,,,0.5215392880317202,0.9813514200966406,0.1553245668445129,1,0.5791766182027916,1,0.5694573569176781,0.567468943237962,1.003504004410127,1,0,1,1.125774576612379,0.34563482089583364,0.4043099633822671,1,0.7030713765046651,1,1.4616655885781151,1.4586169923688963,1.002090059436554,1,0,1,0.020194768957272697,0.023832592868424124,0.9697886191315248,1,0.985366205236192,1,0.11588694093195794,0.11618594666467928,0.9974264896805093,1,0,1
unseen_short__parameter_aware__seed_42__I_3p29__window_3,unseen_short,parameter_aware,42,3.29,3,89999,91999,91999,99999,0.7201743512574087,0,,,chapter2/final_results/raw_arrays/unseen_short__parameter_aware__seed_42__I_3p29__window_3.npz,2d0ab5789ec3775c6469a7fad9455f70c34d644304c7e749584fdfeba2586abf,8000,0.01,0.8472185076408443,0.7201743512574087,0.3507255918874481,1,3,0.6723219696683571,1,3,0.05,0,0,3,0.4,3775,37.75,5.0,0,,,,0.6264378991939848,1.178733292167594,-0.3280901702103567,1,0.33210852412366776,1,0.5403911581212565,0.5435809687615815,0.9941318573981863,1,0,1,1.3268327790914922,0.4073636227778404,0.4347831721374371,1,0.7105724189075303,1,1.717106681197317,1.7648534589078526,0.9729457550883104,1,0,1,0.02068656204669658,0.024412976060751934,0.9454837737352639,1,0.974284965973873,1,0.0865335692939057,0.08859830787706391,0.9766955077062739,1,0,1
unseen_short__parameter_aware__seed_42__I_3p34__window_1,unseen_short,parameter_aware,42,3.34,1,70000,72000,72000,80000,0.4795674817349338,0,,,chapter2/final_results/raw_arrays/unseen_short__parameter_aware__seed_42__I_3p34__window_1.npz,045056c343d6cbb9247bfb397a7119ba0661d79620d5fd57497505334af7f1ea,8000,0.01,0.7262667271383245,0.4795674817349338,0.4186985468892874,1,3,0.7052219322882909,1,3,0.05,0,0,3,0.4,1373,13.73,5.0,0,,,,0.39594964432270463,0.7450363849083872,0.19998535016688546,1,0.5917354734194238,1,0.4273781997221279,0.44268110695206025,0.9654313071201623,1,0,1,1.1938308338734356,0.36652942340146905,0.1920129686098927,1,0.5887961876182104,1,1.1476800826502171,1.3281300296906018,0.8641323191205744,1,0,1,0.01954216207129499,0.023062427374105063,0.8640973218910841,1,0.9351341358272385,1,0.046376622891766424,0.053010097525212456,0.8748639420953518,1,0,1
unseen_short__parameter_aware__seed_42__I_3p34__window_2,unseen_short,parameter_aware,42,3.34,2,80000,82000,82000,90000,0.5703460858343034,0,,,chapter2/final_results/raw_arrays/unseen_short__parameter_aware__seed_42__I_3p34__window_2.npz,c0d59cbeed13feebafc0fe93f9a11a2b66db276db8ba0ff3f67d60b41c81618c,8000,0.01,0.7902711076395346,0.5703460858343034,0.1903368233169931,1,3,0.6319233532018862,1,3,0.05,0,0,3,0.4,1735,17.35,5.0,0,,,,0.4809633180235836,0.9050018780716086,0.11847887437592475,1,0.620903619440976,1,0.5622940314528625,0.512266071644473,1.097660107857212,1,0,1,1.2808892547766704,0.3932580619242101,-0.020353958476050815,1,0.5599061266707155,1,1.2984453914267893,1.2680493494798788,1.0239707089943921,1,0,1,0.0397778131985826,0.04694326680160616,0.47288555405110533,1,0.7149603134939669,1,0.04898648155448573,0.054788378157575895,0.8941035161434523,1,0,1
unseen_short__parameter_aware__seed_42__I_3p34__window_3,unseen_short,parameter_aware,42,3.34,3,89999,91999,91999,99999,0.5082402258645139,0,,,chapter2/final_results/raw_arrays/unseen_short__parameter_aware__seed_42__I_3p34__window_3.npz,281a6b0b7bbf4d86b3d76cd5196186c44a4caa53c115c0f2ba0b2481366c2509,8000,0.01,0.6619964490159824,0.5082402258645139,0.09916597355358996,1,3,0.5562609940736506,1,3,0.05,0,0,3,0.4,1293,12.93,5.0,0,,,,0.4342180476146414,0.8170439072124162,-0.04191113411150993,1,0.4779438080926285,1,0.424209306940552,0.42539514670680795,0.997212380593817,1,0,1,1.0607738317033188,0.3256783204636215,0.03987758274772324,1,0.5309047234519461,1,1.101495771785592,1.0825787364824913,1.0174740503074777,1,0,1,0.03051983991595083,0.036017590528778495,0.29953147202455654,1,0.6599344506763771,1,0.03741844097376454,0.036465984051476365,1.0261190516878322,1,0,1
unseen_short__parameter_aware__seed_123__I_3p29__window_1,unseen_short,parameter_aware,123,3.29,1,70000,72000,72000,80000,0.4405284157505183,0,,,chapter2/final_results/raw_arrays/unseen_short__parameter_aware__seed_123__I_3p29__window_1.npz,f082f220f63430eb9e352b4b9d5429bfd6e6ecb491505c1f5a6842ee7b548816,8000,0.01,0.5208745781197177,0.4405284157505183,0.6695406701612298,1,3,0.8394996294331286,1,3,0.05,0,0,3,0.4,4688,46.88,5.0,0,,,,0.38275692312925197,0.7202123764870945,0.46641161778494233,1,0.7331946306051735,1,0.5239442357187243,0.5239862276031508,0.9999198607096629,1,0,1,0.8166904740909963,0.25073995416487893,0.6951041830520319,1,0.8494504859748656,1,1.4930623926513924,1.4790462578320733,1.0094764681936745,1,0,1,0.021089943571173306,0.024889021499243342,0.847106209646715,1,0.9358537717193469,1,0.05418463550792222,0.053936218443747255,1.0046057560456163,1,0,1
unseen_short__parameter_aware__seed_123__I_3p29__window_2,unseen_short,parameter_aware,123,3.29,2,80000,82000,82000,90000,0.5429394340523497,0,,,chapter2/final_results/raw_arrays/unseen_short__parameter_aware__seed_123__I_3p29__window_2.npz,4548645b6566dcaf04565e0e1c473b4cd268a34c2298fbdcacb27bd7777c99dd,8000,0.01,0.6654929729516645,0.5429394340523497,0.5869067277129587,1,3,0.7937795835842378,1,3,0.05,0,0,3,0.4,1731,17.31,5.0,0,,,,0.46913613046600944,0.8827473182105894,0.3165392696241619,1,0.6578560631305131,1,0.5667645336939593,0.567468943237962,0.9987586817703478,1,0,1,1.0526545246570624,0.32318553434548397,0.4791781620460248,1,0.740909433558144,1,1.4633643805723628,1.4586169923688963,1.0032547188386696,1,0,1,0.021735545876000354,0.025650920628587835,0.9650027514686895,1,0.9825732540640563,1,0.11301062279472136,0.11618594666467928,0.9726703275128262,1,0,1
unseen_short__parameter_aware__seed_123__I_3p29__window_3,unseen_short,parameter_aware,123,3.29,3,89999,91999,91999,99999,0.6105104274637746,0,,,chapter2/final_results/raw_arrays/unseen_short__parameter_aware__seed_123__I_3p29__window_3.npz,17d7ffe3a182be2d75370ec8605a428cf4d86007e61fc1be443527ae469e8627,8000,0.01,0.7030271780461933,0.6105104274637746,0.544375151613922,1,3,0.7744727283706534,1,3,0.05,0,0,3,0.4,4042,40.42,5.0,0,,,,0.5327612453685577,1.0024671519724333,0.039412868577980875,1,0.521616486480234,1,0.5457330127246065,0.5435809687615815,1.0039590127077627,1,0,1,1.0948693658431115,0.3361463165265781,0.6151359833317103,1,0.8119336890907108,1,1.8035121336864282,1.7648534589078526,1.0219047505522065,1,0,1,0.012967898304183798,0.015303895840384878,0.9785766029320748,1,0.9898680095410155,1,0.0908178568244191,0.08859830787706391,1.0250518209719646,1,0,1
unseen_short__parameter_aware__seed_123__I_3p34__window_1,unseen_short,parameter_aware,123,3.34,1,70000,72000,72000,80000,0.4295979076329056,0,,,chapter2/final_results/raw_arrays/unseen_short__parameter_aware__seed_123__I_3p34__window_1.npz,f760ada33f1b7849460bbba8363231f7bf1f3d445d111a6d70b7be09e5555398,8000,0.01,0.5264985951950049,0.4295979076329056,0.6028115867421175,1,3,0.8222947576337444,1,3,0.05,0,0,3,0.4,1390,13.9,5.0,0,,,,0.3712238624807216,0.6985112588431857,0.2967822961703078,1,0.6573979312584436,1,0.4532269649273671,0.44268110695206025,1.0238226972185847,1,0,1,0.8327831087963287,0.25568070787319114,0.6068279627151612,1,0.8442302855794137,1,1.5352405380724623,1.3281300296906018,1.155941439280692,1,0,1,0.016353894195550753,0.0192998346750327,0.9048245013408837,1,0.965256056063376,1,0.05493486309710427,0.053010097525212456,1.0363094138994249,1,0,1
unseen_short__parameter_aware__seed_123__I_3p34__window_2,unseen_short,parameter_aware,123,3.34,2,80000,82000,82000,90000,0.4040241623269759,0,,,chapter2/final_results/raw_arrays/unseen_short__parameter_aware__seed_123__I_3p34__window_2.npz,dd22cdf94bb54c5480209abaa240b4720a925c91df2e222e2aa4bccfd6f53d22,8000,0.01,0.5751594061619455,0.4040241623269759,0.6453243097176585,1,3,0.8672607762449778,1,3,0.05,0,0,3,0.4,1683,16.830000000000002,5.0,0,,,,0.3389101049414584,0.6377082616816674,0.5622986858425035,1,0.7913348570139163,1,0.531267465568483,0.512266071644473,1.0370928214375235,1,0,1,0.9366550572427923,0.28757142830980637,0.4543840551323285,1,0.8291103631655049,1,1.599492022268813,1.2680493494798788,1.2613799478110874,1,0,1,0.01556508913417414,0.018368936682581473,0.9192901881781435,1,0.9813371085555121,1,0.061478859234483256,0.054788378157575895,1.1221149685735354,1,0,1
unseen_short__parameter_aware__seed_123__I_3p34__window_3,unseen_short,parameter_aware,123,3.34,3,89999,91999,91999,99999,0.5230525420838933,0,,,chapter2/final_results/raw_arrays/unseen_short__parameter_aware__seed_123__I_3p34__window_3.npz,c0d970c9d4eebce5246edc76d385689ab9823e5ed46609385d40c4b72a8a098e,8000,0.01,0.688033104804447,0.5230525420838933,-0.021155609143500197,1,3,0.511431718732271,1,3,0.05,0,0,3,0.4,1304,13.040000000000001,5.0,0,,,,0.44592245379457085,0.8390674361960323,-0.09883787616190953,1,0.4529980782579496,1,0.42721901198472423,0.42539514670680795,1.0042874614156643,1,0,1,1.1045785113348165,0.3391272141527929,-0.04105624810579056,1,0.4894083173636446,1,1.1030220213344868,1.0825787364824913,1.0188838780617655,1,0,1,0.03504479162056668,0.041357653193202074,0.07642729683719951,1,0.591888760575219,1,0.040093782109770174,0.036465984051476365,1.0994844415324898,1,0,1
unseen_short__parameter_aware__seed_456__I_3p29__window_1,unseen_short,parameter_aware,456,3.29,1,70000,72000,72000,80000,6.811031400232116,0,,,chapter2/final_results/raw_arrays/unseen_short__parameter_aware__seed_456__I_3p29__window_1.npz,c6ded8e7fe7b6bec93a6b8f057aca63689fac5e44c341e1e02ff1e6cdb5d75a2,8000,0.01,19.322895717621734,6.811031400232116,-1471.0857234064356,1,3,0.07538464667253594,1,3,0.05,0,0,3,0.4,68,0.68,5.0,1,166,1.67,normalised_error_threshold_reached,2.340899173347518,4.404739548457412,-18.958397693045452,1,0.06473980394512663,1,0.560836590924305,0.5239862276031508,1.0703269692597024,1,0,1,33.21627583114698,10.198046559438403,-503.35735979052015,1,-0.25674126682673215,1,7.32133316132784,1.4790462578320733,4.950036635134831,1,0,1,3.3648339798030604,3.9709648810617355,-3890.9414127357413,1,0.4181554028992134,1,1.3358233013188234,0.053936218443747255,24.7667215066629,1,0,1
unseen_short__parameter_aware__seed_456__I_3p29__window_2,unseen_short,parameter_aware,456,3.29,2,80000,82000,82000,90000,6.719990616676435,0,,,chapter2/final_results/raw_arrays/unseen_short__parameter_aware__seed_456__I_3p29__window_2.npz,b315e476f1b6562b79ae0e2e049e5713a57fc706b7ed18d23be0a305a90c7270,8000,0.01,18.753217874317276,6.719990616676435,-450.06276933216634,1,3,0.1501769520333769,1,3,0.05,0,0,3,0.4,41,0.41000000000000003,5.0,1,393,3.94,normalised_error_threshold_reached,2.4795083434656533,4.66555270109104,-18.091803316932324,1,-0.22732048294355525,1,0.7945516484241042,0.567468943237962,1.4001676354135162,1,0,1,32.20985955987907,9.889057073538757,-486.63528704535173,1,0.16663988249162223,1,9.493174367453898,1.4586169923688963,6.508339349616596,1,0,1,3.3803146942840305,3.9892342440991593,-845.461217634215,1,0.5112114565520637,1,1.3895916500636696,0.11618594666467928,11.96006651367336,1,0,1
unseen_short__parameter_aware__seed_456__I_3p29__window_3,unseen_short,parameter_aware,456,3.29,3,89999,91999,91999,99999,6.765429591592003,0,,,chapter2/final_results/raw_arrays/unseen_short__parameter_aware__seed_456__I_3p29__window_3.npz,f430908d98872b367aad976005585ceb8625d6cd3c813c545c3c6a35c9f6c6ea,8000,0.01,18.989599057128856,6.765429591592003,-623.0866927497508,1,3,-0.1053173250434089,1,3,0.05,0,0,3,0.4,41,0.41000000000000003,5.0,1,295,2.96,normalised_error_threshold_reached,2.405330976451943,4.5259772824631135,-18.580383875091695,1,-0.19663909238679889,1,1.111835848181294,0.5435809687615815,2.0453914174264503,1,0,1,32.62158796233069,10.015465748592808,-340.6590232365915,1,0.1276160646895305,1,14.98825430921813,1.7648534589078526,8.492633897487067,1,0,1,3.443980075605691,4.06436811248173,-1510.0206711375693,1,-0.24692894743295835,1,0.9617976749130518,0.08859830787706391,10.85571155882131,1,0,1
unseen_short__parameter_aware__seed_456__I_3p34__window_1,unseen_short,parameter_aware,456,3.34,1,70000,72000,72000,80000,6.759416273837942,0,,,chapter2/final_results/raw_arrays/unseen_short__parameter_aware__seed_456__I_3p34__window_1.npz,8f2c9dc29b506215222962834344ac5249f02a81413dab74dbe820ccd258aeeb,8000,0.01,19.165308210834773,6.759416273837942,-1585.3275660380573,1,3,0.16797819132185468,1,3,0.05,0,0,3,0.4,44,0.44,5.0,1,150,1.51,normalised_error_threshold_reached,2.2966940673310616,4.321561263407233,-25.91685547220637,1,-0.011683698689569037,1,0.5641532903100571,0.44268110695206025,1.2744011014934766,1,0,1,32.94060553514361,10.113410385052479,-614.1513251774927,1,0.20534983756506942,1,7.436807350494029,1.3281300296906018,5.599457270178953,1,0,1,3.401296780350239,4.013995978972394,-4115.914517464473,1,0.3102684350900637,1,1.2547032509474092,0.053010097525212456,23.66913681588026,1,0,1
unseen_short__parameter_aware__seed_456__I_3p34__window_2,unseen_short,parameter_aware,456,3.34,2,80000,82000,82000,90000,6.625373816205196,0,,,chapter2/final_results/raw_arrays/unseen_short__parameter_aware__seed_456__I_3p34__window_2.npz,ba479e2d291822cb144acea2e8b7659e6e1fab44f3ba498b9a424515799a4a3b,8000,0.01,18.668332851591202,6.625373816205196,-1460.1968373613029,1,3,0.26658629611519336,1,3,0.05,0,0,3,0.4,65,0.65,5.0,1,269,2.7,normalised_error_threshold_reached,2.324626614349724,4.374120380836571,-19.592791673884705,1,0.25588941693487743,1,1.1542980429329266,0.512266071644473,2.253317380999696,1,0,1,32.077098079745994,9.848296701648195,-638.9084321039835,1,0.09795558277489679,1,15.086666931476525,1.2680493494798788,11.897539269796312,1,0,1,3.343029204121669,3.9452322597823586,-3722.0892883060405,1,0.44591388863580594,1,0.9934027632103526,0.054788378157575895,18.13163295969894,1,0,1
unseen_short__parameter_aware__seed_456__I_3p34__window_3,unseen_short,parameter_aware,456,3.34,3,89999,91999,91999,99999,6.7169282310060785,0,,,chapter2/final_results/raw_arrays/unseen_short__parameter_aware__seed_456__I_3p34__window_3.npz,043b5241df31ef19f4e965e56a38a0c789602961c340272e6ffe737e0b0a1f70,8000,0.01,18.96907051042949,6.7169282310060785,-3196.858189109683,1,3,0.21600993913971211,1,3,0.05,0,0,3,0.4,45,0.45,5.0,1,145,1.46,normalised_error_threshold_reached,2.326344468159037,4.377352770637262,-28.906320489896554,1,0.024027154772904097,1,0.5601251630667722,0.42539514670680795,1.3167173330560427,1,0,1,32.5968277841114,10.007863889444463,-905.6333510164387,1,0.2750909096915636,1,7.366645131793254,1.0825787364824913,6.804719955731733,1,0,1,3.392911421977573,4.004100107790382,-8656.034895822713,1,0.34891175295466864,1,1.2482960205695701,0.036465984051476365,34.23179308166871,1,0,1
unseen_short__parameter_aware__seed_789__I_3p29__window_1,unseen_short,parameter_aware,789,3.29,1,70000,72000,72000,80000,0.7120584922266927,0,,,chapter2/final_results/raw_arrays/unseen_short__parameter_aware__seed_789__I_3p29__window_1.npz,8a529c3ce01779521c87f65a561daf2f82810671646007467561403fb40f1164,8000,0.01,0.9804251620364034,0.7120584922266927,-0.31274930221074365,1,3,0.35871219144849054,1,3,0.05,0,0,3,0.4,333,3.33,5.0,0,,,,0.6007303228057979,1.1303607780066791,-0.31437522393401807,1,0.32580511522975647,1,0.5098578087973344,0.5239862276031508,0.9730366600083299,1,0,1,1.5869907577590632,0.48723721224188055,-0.15129145461350713,1,0.35221740399870316,1,1.2396028700527826,1.4790462578320733,0.8381096017035619,1,0,1,0.06545157837103997,0.07724182550506413,-0.4725812280847057,1,0.3981140551170119,1,0.03928778522495044,0.053936218443747255,0.7284119346617822,1,0,1
unseen_short__parameter_aware__seed_789__I_3p29__window_2,unseen_short,parameter_aware,789,3.29,2,80000,82000,82000,90000,0.8848903365445249,0,,,chapter2/final_results/raw_arrays/unseen_short__parameter_aware__seed_789__I_3p29__window_2.npz,2932fd35953cf7fc3e409bec6515c20bee9954a1d0762bd71bbc3c39e42aa1dc,8000,0.01,1.058233931655609,0.8848903365445249,-0.11834346039778913,1,3,0.4762256406470745,1,3,0.05,0,0,3,0.4,1509,15.09,5.0,0,,,,0.7671919747147744,1.4435823937913992,-0.8277799374968979,1,0.09412511581423565,1,0.5723402350667467,0.567468943237962,1.008584243925296,1,0,1,1.663712508173842,0.5107922906868217,-0.30099020323882364,1,0.36925565327065946,1,1.5031285911713137,1.4586169923688963,1.0305163034815106,1,0,1,0.0552659605996979,0.06522140170267375,0.7737397595423542,1,0.9652961528563285,1,0.10389138467578618,0.11618594666467928,0.8941820216486589,1,0,1
unseen_short__parameter_aware__seed_789__I_3p29__window_3,unseen_short,parameter_aware,789,3.29,3,89999,91999,91999,99999,0.7176820983963496,0,,,chapter2/final_results/raw_arrays/unseen_short__parameter_aware__seed_789__I_3p29__window_3.npz,5c4f79968699d8730cb773bfc5b63a1e2900112f55df0a65858e25dda71a95a8,8000,0.01,0.9889525782716875,0.7176820983963496,-0.2641696044573939,1,3,0.6369266593112747,1,3,0.05,0,0,3,0.4,3408,34.08,5.0,0,,,,0.6024590466006107,1.1336136212534365,-0.22836256824366674,1,0.41841303140747754,1,0.5676184201019298,0.5435809687615815,1.0442205535545364,1,0,1,1.5992005100060254,0.490985845066544,0.17891420584800455,1,0.684042786762469,1,2.01347994925267,1.7648534589078526,1.1408765634845828,1,0,1,0.11697192900948268,0.13804289452458735,-0.7430604509765195,1,0.8083241597638776,1,0.10393147007891294,0.08859830787706391,1.1730638267169258,1,0,1
unseen_short__parameter_aware__seed_789__I_3p34__window_1,unseen_short,parameter_aware,789,3.34,1,70000,72000,72000,80000,0.7426996199227426,0,,,chapter2/final_results/raw_arrays/unseen_short__parameter_aware__seed_789__I_3p34__window_1.npz,1dbaafd2590a374312e48fb34855483634058738732a82d28f5f1b5a1659d1f2,8000,0.01,1.0854948157314013,0.7426996199227426,-0.8884231947712125,1,3,0.051916992499793105,1,3,0.05,0,0,3,0.4,1136,11.36,5.0,0,,,,0.6176040486113743,1.162111127714978,-0.9464277787390631,1,-0.008216034298143503,1,0.4252023345884609,0.44268110695206025,0.9605161094767657,1,0,1,1.774268034273464,0.5447350002277238,-0.7846672892318243,1,0.003302399195661573,1,1.0891477901346194,1.3281300296906018,0.8200611128327132,1,0,1,0.07372358261414952,0.08700392329132846,-0.9341745163427502,1,0.16066461260186124,1,0.03484007172820566,0.053010097525212456,0.6572346280184669,1,0,1
unseen_short__parameter_aware__seed_789__I_3p34__window_2,unseen_short,parameter_aware,789,3.34,2,80000,82000,82000,90000,0.6566476469347516,0,,,chapter2/final_results/raw_arrays/unseen_short__parameter_aware__seed_789__I_3p34__window_2.npz,4d3254bd71f7e410b435fb0f9d373b3076ace2df8b843c7ef2170713320a0c13,8000,0.01,0.8536286897900067,0.6566476469347516,-0.11782748768207163,1,3,0.469844653984294,1,3,0.05,0,0,3,0.4,1608,16.080000000000002,5.0,0,,,,0.5607407905951306,1.0551147033110462,-0.19821048027836619,1,0.39276828468381025,1,0.5049779573799517,0.512266071644473,0.9857727952953723,1,0,1,1.366980023283261,0.41968961222897916,-0.16212280773852616,1,0.39254496277830275,1,1.1670399347967126,1.2680493494798788,0.9203426785206762,1,0,1,0.05460038282885483,0.06443592878796323,0.0068508249706774604,1,0.6242207144907689,1,0.039422499268894864,0.054788378157575895,0.7195412712439215,1,0,1
unseen_short__parameter_aware__seed_789__I_3p34__window_3,unseen_short,parameter_aware,789,3.34,3,89999,91999,91999,99999,0.7707607569472478,0,,,chapter2/final_results/raw_arrays/unseen_short__parameter_aware__seed_789__I_3p34__window_3.npz,ff46c41448ed1348d0ec813a7f918d7221d1bc4ef4ca1577f42ea97973c99ffb,8000,0.01,1.1608716376265191,0.7707607569472478,-7.686874355979006,1,3,0.018673314997056052,1,3,0.05,0,0,3,0.4,1069,10.69,5.0,0,,,,0.6294008639804723,1.1843085379211606,-1.1891201975185948,1,-0.0014457910580350797,1,0.45609217047158057,0.42539514670680795,1.0721611988345736,1,0,1,1.9023896072418354,0.584070829838543,-2.0880188606728125,1,0.028888455599397525,1,1.4543455792435878,1.0825787364824913,1.3434085948972536,1,0,1,0.16624443393964872,0.19619119778532698,-19.78348400974561,1,0.028577280449805707,1,0.10897317587815475,0.036465984051476365,2.9883514379956204,1,0,1
unseen_short__parameter_aware__seed_2026__I_3p29__window_1,unseen_short,parameter_aware,2026,3.29,1,70000,72000,72000,80000,0.20807537061636486,0,,,chapter2/final_results/raw_arrays/unseen_short__parameter_aware__seed_2026__I_3p29__window_1.npz,b449c2fb724656236e58894274dde7dce49c442a06d5bd879a92b18593d76df7,8000,0.01,0.24284231950188048,0.20807537061636486,0.9360185962510843,1,3,0.9679890102693006,1,3,0.05,0,0,3,0.4,2128,21.28,5.0,0,,,,0.18122445861717257,0.34099996663988663,0.8803827323915099,1,0.9400904286213493,1,0.5230454337675505,0.5239862276031508,0.9982045447264831,1,0,1,0.3795471449104566,0.11652839935984768,0.9341481555310747,1,0.9669253140998479,1,1.4632910520617,1.4790462578320733,0.9893477261532937,1,0,1,0.004340139674437981,0.005121959160405488,0.9935249008306685,1,0.9969512880867047,1,0.05313165962651641,0.053936218443747255,0.9850831437493165,1,0,1
unseen_short__parameter_aware__seed_2026__I_3p29__window_2,unseen_short,parameter_aware,2026,3.29,2,80000,82000,82000,90000,0.198032763579469,0,,,chapter2/final_results/raw_arrays/unseen_short__parameter_aware__seed_2026__I_3p29__window_2.npz,ac199bfff362cdb9e778865dc4ab752b644fb9da4316da86798f7d56c5509f42,8000,0.01,0.23528108447898172,0.198032763579469,0.947607288587716,1,3,0.9738953224598179,1,3,0.05,0,0,3,0.4,1814,18.14,5.0,0,,,,0.17201744180455067,0.3236756360836614,0.9081115823393204,1,0.9540712462990292,1,0.5676577170607938,0.567468943237962,1.0003326593024715,1,0,1,0.3694131453324801,0.11341706321684061,0.9358580507736806,1,0.9680021826576881,1,1.4615034960461801,1.4586169923688963,1.001978931887113,1,0,1,0.003936230608012671,0.0046452911501724216,0.998852232650147,1,0.9996125384227365,1,0.1154140253118786,0.11618594666467928,0.9933561555854211,1,0,1
unseen_short__parameter_aware__seed_2026__I_3p29__window_3,unseen_short,parameter_aware,2026,3.29,3,89999,91999,91999,99999,0.31397050140301813,0,,,chapter2/final_results/raw_arrays/unseen_short__parameter_aware__seed_2026__I_3p29__window_3.npz,f802b5406285ba9cf07d1c8cf8716709ef71a2cde9e9f2965e06a67ef8a3b6ba,8000,0.01,0.37689642991546557,0.31397050140301813,0.8760424455295088,1,3,0.9389147430741216,1,3,0.05,0,0,3,0.4,4101,41.01,5.0,0,,,,0.27227112657151764,0.5123174089542808,0.7491150036348189,1,0.8749256866192057,1,0.5450836143544838,0.5435809687615815,1.0027643454779622,1,0,1,0.5932608878146707,0.18214269975909175,0.8870011213378581,1,0.9441654704824449,1,1.7814043747912598,1.7648534589078526,1.0093780680769096,1,0,1,0.00791891873270489,0.009345408531981562,0.9920112116158494,1,0.9976530721207144,1,0.08853073917956265,0.08859830787706391,0.999237359052105,1,0,1
unseen_short__parameter_aware__seed_2026__I_3p34__window_1,unseen_short,parameter_aware,2026,3.34,1,70000,72000,72000,80000,0.21731787877936506,0,,,chapter2/final_results/raw_arrays/unseen_short__parameter_aware__seed_2026__I_3p34__window_1.npz,b2360059315a80a6034265b5c2fe92092454d6378aef3df0e3ecef78f5187539,8000,0.01,0.25383799452320427,0.21731787877936506,0.9068042408216928,1,3,0.9533954010850221,1,3,0.05,0,0,3,0.4,1420,14.200000000000001,5.0,0,,,,0.1892506251393395,0.3561023569970679,0.8172351514082994,1,0.9084384734586608,1,0.4417690332216346,0.44268110695206025,0.9979396596870703,1,0,1,0.3968175368122747,0.12183074757039973,0.9107310305700963,1,0.9551357393658727,1,1.3126783688043422,1.3281300296906018,0.9883658523331039,1,0,1,0.004607141553646323,0.005437057941468046,0.9924465404866825,1,0.996611990430533,1,0.05169436695701264,0.053010097525212456,0.9751796237014272,1,0,1
unseen_short__parameter_aware__seed_2026__I_3p34__window_2,unseen_short,parameter_aware,2026,3.34,2,80000,82000,82000,90000,0.16073289751409006,0,,,chapter2/final_results/raw_arrays/unseen_short__parameter_aware__seed_2026__I_3p34__window_2.npz,1772fa7b61fa8b477cfa2f51acaddff34b966237cc5429622e2ba0104a2da3cc,8000,0.01,0.18924811942625197,0.16073289751409006,0.9558678851564273,1,3,0.9780750628810599,1,3,0.05,0,0,3,0.4,4082,40.82,5.0,0,,,,0.1398099568637941,0.2630726061496434,0.9255122222084948,1,0.9628139711896246,1,0.5130053087407287,0.512266071644473,1.0014430725304189,1,0,1,0.29645905606283113,0.09101873045806512,0.945341572665284,1,0.9729069552789895,1,1.2777353527330793,1.2680493494798788,1.0076385065432771,1,0,1,0.0031234851045632878,0.0036861401576389753,0.9967498605955033,1,0.9985042621745656,1,0.054409965572703625,0.054788378157575895,0.9930931960828641,1,0,1
unseen_short__parameter_aware__seed_2026__I_3p34__window_3,unseen_short,parameter_aware,2026,3.34,3,89999,91999,91999,99999,0.3351927040653413,0,,,chapter2/final_results/raw_arrays/unseen_short__parameter_aware__seed_2026__I_3p34__window_3.npz,17fbaae3c104a8296388ef0af320a1c30bc8c74df3145c27d7c20dd12df076c2,8000,0.01,0.3814896232604539,0.3351927040653413,0.7229222477887111,1,3,0.8625632304617541,1,3,0.05,0,0,3,0.4,1394,13.94,5.0,0,,,,0.2929726262481472,0.5512702674866842,0.5256826327110289,1,0.7626156228404882,1,0.42497376122910924,0.42539514670680795,0.999009425751655,1,0,1,0.5921936613078794,0.18181504034112858,0.7007676634664318,1,0.8505759284029089,1,1.0822228485646692,1.0825787364824913,0.9996712590910677,1,0,1,0.008758181446050613,0.010335853463495099,0.9423164471886725,1,0.9744981401418651,1,0.036354228393934894,0.036465984051476365,0.9969353450771077,1,0,1
unseen_short__ordinary_baseline__seed_42__I_3p29__window_1,unseen_short,ordinary_baseline,42,3.29,1,70000,72000,72000,80000,0.5952509586257575,0,,,chapter2/final_results/raw_arrays/unseen_short__ordinary_baseline__seed_42__I_3p29__window_1.npz,4fc4f5af1be0ee26b02e762a5079474cb6591423c414be07adc5dbdf3b54b626,8000,0.01,0.8876012695565938,0.5952509586257575,-0.1818486160981278,1,3,0.3610611563354751,1,3,0.05,0,0,3,0.4,161,1.61,5.0,0,,,,0.49186548890502746,0.9255158855915748,0.11884368206399287,1,0.3579886593474945,1,0.1462583033284352,0.5239862276031508,0.2791262358124539,1,0,1,1.454867741402727,0.44667286122237276,0.03242750350133128,1,0.2622981750710598,1,0.5920868197890916,1.4790462578320733,0.4003166342186949,1,0,1,0.07025835897155407,0.08291448486067625,-0.6968170338597075,1,0.462896634587871,1,0.03454320783961347,0.053936218443747255,0.6404454898083054,1,0,1
unseen_short__ordinary_baseline__seed_42__I_3p29__window_2,unseen_short,ordinary_baseline,42,3.29,2,80000,82000,82000,90000,0.6706282181468619,0,,,chapter2/final_results/raw_arrays/unseen_short__ordinary_baseline__seed_42__I_3p29__window_2.npz,b001070d3dd8d796e0a9dc942078501afe17d8d88a1e8f3c54a4d64d41dd4a07,8000,0.01,0.9029161603215976,0.6706282181468619,-0.01656294482446082,1,3,0.5019814468613745,1,3,0.05,0,0,3,0.4,1484,14.84,5.0,0,,,,0.5649621432463127,1.0630577873970113,0.00881550651842311,1,0.24391298469186534,1,0.12109034682934995,0.567468943237962,0.2133867382035249,1,0,1,1.453342411929178,0.44620455523079383,0.007219227015077934,1,0.30757208145509857,1,0.4721704294085178,1.4586169923688963,0.32371104400866735,1,0,1,0.11994327032432363,0.1415494841755789,-0.0657235680068835,1,0.9544592744371596,1,0.047979779227144144,0.11618594666467928,0.41295682140988293,1,0,1
unseen_short__ordinary_baseline__seed_42__I_3p29__window_3,unseen_short,ordinary_baseline,42,3.29,3,89999,91999,91999,99999,0.6916759065298277,0,,,chapter2/final_results/raw_arrays/unseen_short__ordinary_baseline__seed_42__I_3p29__window_3.npz,054d03099cdb0adbaadbf9406f6a4548cdc68c320e35231613fdafddb30f718a,8000,0.01,1.1508544216714705,0.6916759065298277,-0.569594313169822,1,3,0.19807570998452773,1,3,0.05,0,0,3,0.4,462,4.62,5.0,0,,,,0.5480226907077773,1.031183763357343,-0.01640921722922606,1,0.08441694694398531,1,0.12241413687639033,0.5435809687615815,0.22519945309211525,1,0,1,1.9113586651304826,0.5868245060907412,-0.17291645373897957,1,0.07056182902713501,1,0.46705275242421374,1.7648534589078526,0.26464109530841207,1,0,1,0.14063030733935894,0.16596302076401329,-1.5194572685412604,1,0.4392483539824628,1,0.03259919788213061,0.08859830787706391,0.36794379783600584,1,0,1
unseen_short__ordinary_baseline__seed_42__I_3p34__window_1,unseen_short,ordinary_baseline,42,3.34,1,70000,72000,72000,80000,0.5489958132182031,0,,,chapter2/final_results/raw_arrays/unseen_short__ordinary_baseline__seed_42__I_3p34__window_1.npz,77e67a8eb5593f7b4d87463ad8eda21666da890835ebff0b7ba3809ae91057b1,8000,0.01,0.8593252739590697,0.5489958132182031,-0.15010410257406748,1,3,0.03079911335882984,1,3,0.05,0,0,3,0.4,1130,11.3,5.0,0,,,,0.447670337524518,0.8423563316252168,-0.022667992903609102,1,0.109858310633969,1,0.05106443446478152,0.44268110695206025,0.11535264022530668,1,0,1,1.41820073909158,0.4354153741198171,-0.14023461709544605,1,0.005109955295365889,1,0.18053974961165836,1.3281300296906018,0.13593529667702528,1,0,1,0.06014741835912887,0.07098219033219805,-0.2874096977231473,1,-0.022570925852845366,1,0.027247722917461078,0.053010097525212456,0.5140100507172548,1,0,1
unseen_short__ordinary_baseline__seed_42__I_3p34__window_2,unseen_short,ordinary_baseline,42,3.34,2,80000,82000,82000,90000,0.607233431625725,0,,,chapter2/final_results/raw_arrays/unseen_short__ordinary_baseline__seed_42__I_3p34__window_2.npz,25c95c67a93f49104240421757d11616973f86e37f4260cc4bb464a6867e3c4c,8000,0.01,0.9057669228594928,0.607233431625725,-0.501034280486979,1,3,0.14749531020445156,1,3,0.05,0,0,3,0.4,49,0.49,5.0,0,,,,0.5011992461626158,0.9430786965815975,0.042740615016940375,1,0.29084724724082234,1,0.2500516817264703,0.512266071644473,0.4881285245453717,1,0,1,1.484422532442614,0.4557467603136326,-0.3703855318440292,1,0.13468037450590664,1,0.9556265022362398,1.2680493494798788,0.7536193308471891,1,0,1,0.08080975474375053,0.09536657679420711,-1.175457924633848,1,0.01695830886662566,1,0.029686525150521694,0.054788378157575895,0.5418398234957932,1,0,1
unseen_short__ordinary_baseline__seed_42__I_3p34__window_3,unseen_short,ordinary_baseline,42,3.34,3,89999,91999,91999,99999,0.49689140237459895,0,,,chapter2/final_results/raw_arrays/unseen_short__ordinary_baseline__seed_42__I_3p34__window_3.npz,6e5b03541fb3c596f7d51238a586d50bd7f62ad99c193b707b3c1570334a48ab,8000,0.01,0.6683579949303762,0.49689140237459895,-0.1586253144208853,1,3,0.14855516998905616,1,3,0.05,0,0,3,0.4,1034,10.34,5.0,0,,,,0.421329125158084,0.7927915399478284,0.019025085783476392,1,0.2073659955760627,1,0.04365462039474602,0.42539514670680795,0.1026213409642724,1,0,1,1.0773059932455449,0.33075401751023886,0.00971735820367381,1,0.17608242017430278,1,0.15939547379443308,1.0825787364824913,0.14723684146276506,1,0,1,0.044730228848141824,0.052787795458550876,-0.504618387249806,1,0.06221709421680302,1,0.024863725678286732,0.036465984051476365,0.6818333941897311,1,0,1
unseen_short__ordinary_baseline__seed_123__I_3p29__window_1,unseen_short,ordinary_baseline,123,3.29,1,70000,72000,72000,80000,0.5938976020273167,0,,,chapter2/final_results/raw_arrays/unseen_short__ordinary_baseline__seed_123__I_3p29__window_1.npz,78ff0da7c20fbbb6cc46f8b12ba9cfbc36dd3b09b5fc9f825a9a486ab2b7d257,8000,0.01,0.8852597577282383,0.5938976020273167,-0.17397519381715118,1,3,0.3661753191762098,1,3,0.05,0,0,3,0.4,161,1.61,5.0,0,,,,0.49080279390536646,0.9235162716200501,0.122647115599689,1,0.3662890171536338,1,0.14386417091278375,0.5239862276031508,0.274557160730838,1,0,1,1.450956040017469,0.4454718923643279,0.03762353115375472,1,0.267171763433911,1,0.5787447716533336,1.4790462578320733,0.39129592369993516,1,0,1,0.0699550097611554,0.0825564912513565,-0.6821962282048972,1,0.46506517694108473,1,0.034785239694282793,0.053936218443747255,0.6449328614048468,1,0,1
unseen_short__ordinary_baseline__seed_123__I_3p29__window_2,unseen_short,ordinary_baseline,123,3.29,2,80000,82000,82000,90000,0.6705791112853955,0,,,chapter2/final_results/raw_arrays/unseen_short__ordinary_baseline__seed_123__I_3p29__window_2.npz,3ae033c2d4c42d20c5b87e1cac8d5ea2127453a99b9f747c6275511895a73d06,8000,0.01,0.9016850670994571,0.6705791112853955,-0.013155082064232548,1,3,0.5026142707030681,1,3,0.05,0,0,3,0.4,1481,14.81,5.0,0,,,,0.565106789346386,1.0633299599043822,0.008307899675602082,1,0.24322553209692158,1,0.11920471775637609,0.567468943237962,0.21006386195550594,1,0,1,1.4510265313308852,0.44549353457671365,0.010380670417259763,1,0.3095545727852048,1,0.46306181364462484,1.4586169923688963,0.317466350705664,1,0,1,0.11951653734500071,0.1410458808225892,-0.05815381628555949,1,0.955062707227078,1,0.04819980387833635,0.11618594666467928,0.4148505500191373,1,0,1
unseen_short__ordinary_baseline__seed_123__I_3p29__window_3,unseen_short,ordinary_baseline,123,3.29,3,89999,91999,91999,99999,0.6918768044715015,0,,,chapter2/final_results/raw_arrays/unseen_short__ordinary_baseline__seed_123__I_3p29__window_3.npz,b7783badea2a5c5b43d3723a9191d0fc08e7012b3e6750790f213d2ea8833ffa,8000,0.01,1.1509064400470688,0.6918768044715015,-0.5730985569243853,1,3,0.19676112141899715,1,3,0.05,0,0,3,0.4,459,4.59,5.0,0,,,,0.5482080061648459,1.0315324611278354,-0.017096736882969532,1,0.0807234510008441,1,0.12065140500310627,0.5435809687615815,0.22195663928040285,1,0,1,1.91137936441338,0.5868308611755746,-0.17294185834921572,1,0.06948778077423896,1,0.4578101528198989,1.7648534589078526,0.2594040601553436,1,0,1,0.14090354323767343,0.16628547654131576,-1.5292570755409707,1,0.44007213248190835,1,0.032770965778924674,0.08859830787706391,0.3698825244427533,1,0,1
unseen_short__ordinary_baseline__seed_123__I_3p34__window_1,unseen_short,ordinary_baseline,123,3.34,1,70000,72000,72000,80000,0.5491315659019689,0,,,chapter2/final_results/raw_arrays/unseen_short__ordinary_baseline__seed_123__I_3p34__window_1.npz,12974f4d5a306e9ecc3e25a00d9b98d0dc29534e7c5f5073f722254f499803d7,8000,0.01,0.8599914333171074,0.5491315659019689,-0.15261303760669528,1,3,0.028064543491245333,1,3,0.05,0,0,3,0.4,1128,11.28,5.0,0,,,,0.4477038619185126,0.8424194126095461,-0.02282116636881315,1,0.10785532836641618,1,0.05006710457830345,0.44268110695206025,0.11309970945682446,1,0,1,1.4193956521726934,0.43578223581429554,-0.14215684884317037,1,0.0002512975443335779,1,0.17482622177480722,1.3281300296906018,0.1316333625974366,1,0,1,0.0602746277710564,0.07113231485850062,-0.2928610976081023,1,-0.023912995437013765,1,0.027446107743999932,0.053010097525212456,0.5177524476529424,1,0,1
unseen_short__ordinary_baseline__seed_123__I_3p34__window_2,unseen_short,ordinary_baseline,123,3.34,2,80000,82000,82000,90000,0.6019225545397091,0,,,chapter2/final_results/raw_arrays/unseen_short__ordinary_baseline__seed_123__I_3p34__window_2.npz,5c0755cb4f1cd174d6f1fdf381b13c024dfc69c16c852705b24b925271081b0a,8000,0.01,0.8948905986616296,0.6019225545397091,-0.47341377183083244,1,3,0.15924140852424307,1,3,0.05,0,0,3,0.4,50,0.5,5.0,0,,,,0.4972483014774768,0.9356444240992321,0.057773246762468644,1,0.30387803807450087,1,0.24660334633200498,0.512266071644473,0.48139699266117825,1,0,1,1.4658795783470262,0.45005371061180366,-0.33636249292139286,1,0.14503389439935996,1,0.9350572493431628,1.2680493494798788,0.7373981538862815,1,0,1,0.08017941869220027,0.09462269393431026,-1.1416520693335732,1,0.028812293098868406,1,0.029829104061046812,0.054788378157575895,0.5444421803334979,1,0,1
unseen_short__ordinary_baseline__seed_123__I_3p34__window_3,unseen_short,ordinary_baseline,123,3.34,3,89999,91999,91999,99999,0.49805028474553154,0,,,chapter2/final_results/raw_arrays/unseen_short__ordinary_baseline__seed_123__I_3p34__window_3.npz,bd525fecb35e0308276692e738c1ae7874aafc4acc483693ebc9bc0e3745d3ed,8000,0.01,0.6707106373096656,0.49805028474553154,-0.16851139890968567,1,3,0.1337983892485542,1,3,0.05,0,0,3,0.4,1032,10.32,5.0,0,,,,0.42220175778999236,0.7944335241515053,0.014957400210186766,1,0.18869190728957733,1,0.0426353361958362,0.42539514670680795,0.10022525298160359,1,0,1,1.0813320446177417,0.33199009405154134,0.0023018630995236267,1,0.15431754677402326,1,0.15356869081617827,1.0825787364824913,0.14185452350112918,1,0,1,0.044999577807680456,0.053105664115815396,-0.5227934600387674,1,0.05838571368206197,1,0.02506952165509171,0.036465984051476365,0.6874768995594058,1,0,1
unseen_short__ordinary_baseline__seed_456__I_3p29__window_1,unseen_short,ordinary_baseline,456,3.29,1,70000,72000,72000,80000,0.5942470476768869,0,,,chapter2/final_results/raw_arrays/unseen_short__ordinary_baseline__seed_456__I_3p29__window_1.npz,03fe5e40cbd963130d5d4bf45d65601b128e948c5db95dec732884d4344be4ed,8000,0.01,0.8848690613670122,0.5942470476768869,-0.1728919711811261,1,3,0.3656115663380368,1,3,0.05,0,0,3,0.4,162,1.62,5.0,0,,,,0.49123268652879404,0.9243251766175646,0.12110950123498088,1,0.36103894132404535,1,0.14876202609734232,0.5239862276031508,0.28390445828665856,1,0,1,1.4500990076482387,0.4452087666590636,0.03876008412273879,1,0.2694565872907954,1,0.5930588210534484,1.4790462578320733,0.40097381533065113,1,0,1,0.06987905978828855,0.08246685988268225,-0.6785454989010979,1,0.46633917039926964,1,0.034424152567243495,0.053936218443747255,0.6382381553713511,1,0,1
unseen_short__ordinary_baseline__seed_456__I_3p29__window_2,unseen_short,ordinary_baseline,456,3.29,2,80000,82000,82000,90000,0.6697739215726383,0,,,chapter2/final_results/raw_arrays/unseen_short__ordinary_baseline__seed_456__I_3p29__window_2.npz,26f588812aac735cc467a472ef9c549b5d262c86c22463e2e8888fdbb4daee70,8000,0.01,0.9020461803262189,0.6697739215726383,-0.012511898010372927,1,3,0.5012244120460888,1,3,0.05,0,0,3,0.4,867,8.67,5.0,0,,,,0.5642286492504075,1.0616776126124172,0.011387558224892791,1,0.24517568010555407,1,0.12416801032444214,0.567468943237962,0.21881023059331303,1,0,1,1.4520423369565445,0.4458054067781144,0.008994599615658294,1,0.30400388402094286,1,0.47672768205238386,1.4586169923688963,0.32683540953279633,1,0,1,0.11950321072762154,0.14103015358911677,-0.05791785187166987,1,0.9544936720117696,1,0.048352653114349185,0.11618594666467928,0.41616610702409906,1,0,1
unseen_short__ordinary_baseline__seed_456__I_3p29__window_3,unseen_short,ordinary_baseline,456,3.29,3,89999,91999,91999,99999,0.6931992254828329,0,,,chapter2/final_results/raw_arrays/unseen_short__ordinary_baseline__seed_456__I_3p29__window_3.npz,3989269bb9088627d90fe43d3b3a22f7e97bec44049ba7e49ed3ddab76867bb8,8000,0.01,1.152470710259016,0.6931992254828329,-0.56944097976924,1,3,0.18875042002822948,1,3,0.05,0,0,3,0.4,460,4.6000000000000005,5.0,0,,,,0.5494414728230059,1.0338534066144085,-0.021678816209325324,1,0.07529100781500869,1,0.12460961678509462,0.5435809687615815,0.22923837283889403,1,0,1,1.913889435561493,0.5876015021278028,-0.17602455427980113,1,0.055764995615503576,1,0.467910305543583,1.7648534589078526,0.26512700144132123,1,0,1,0.14038344062942457,0.16567168424003104,-1.5106195688185937,1,0.4351952566541762,1,0.03239045550326301,0.08859830787706391,0.36558774404819266,1,0,1
unseen_short__ordinary_baseline__seed_456__I_3p34__window_1,unseen_short,ordinary_baseline,456,3.34,1,70000,72000,72000,80000,0.5482466902024641,0,,,chapter2/final_results/raw_arrays/unseen_short__ordinary_baseline__seed_456__I_3p34__window_1.npz,49994cbdb54cc274d61958dbc3d210aecad0bbcb7caddceec06603b0b1f2f582,8000,0.01,0.8550155216686351,0.5482466902024641,-0.14201312999834567,1,3,0.03233273615916784,1,3,0.05,0,0,3,0.4,1127,11.27,5.0,0,,,,0.4475616180678129,0.8421517602809737,-0.022171330969973813,1,0.10790711092694057,1,0.05120275727055258,0.44268110695206025,0.11566510625016924,1,0,1,1.4104103022757997,0.4330235575968093,-0.1277419879137205,1,0.01037715916040241,1,0.17856953422252925,1.3281300296906018,0.1344518460019524,1,0,1,0.05988325433436621,0.07067044060800114,-0.2761260711113427,1,-0.021286061609839466,1,0.026743736375385196,0.053010097525212456,0.5045026820157319,1,0,1
unseen_short__ordinary_baseline__seed_456__I_3p34__window_2,unseen_short,ordinary_baseline,456,3.34,2,80000,82000,82000,90000,0.603319830514842,0,,,chapter2/final_results/raw_arrays/unseen_short__ordinary_baseline__seed_456__I_3p34__window_2.npz,176c4f4f19bc6d30209c7bdfd7f2eb33fe66af73f0645d9af4ba9527686b2672,8000,0.01,0.8945261743239081,0.603319830514842,-0.47014359256303884,1,3,0.16313795538927103,1,3,0.05,0,0,3,0.4,50,0.5,5.0,0,,,,0.4987891564227124,0.9385437649990863,0.0519247232208333,1,0.3025269808441886,1,0.2526985558665825,0.512266071644473,0.4932955154640075,1,0,1,1.464702164688042,0.4496922215822981,-0.3342165873949734,1,0.1542562546054684,1,0.9486431880737187,1.2680493494798788,0.7481121996260065,1,0,1,0.07992606486609871,0.09432370172489649,-1.1281389135149764,1,0.032630630718156084,1,0.02958696614262083,0.054788378157575895,0.5400226679009602,1,0,1
unseen_short__ordinary_baseline__seed_456__I_3p34__window_3,unseen_short,ordinary_baseline,456,3.34,3,89999,91999,91999,99999,0.4972897084917727,0,,,chapter2/final_results/raw_arrays/unseen_short__ordinary_baseline__seed_456__I_3p34__window_3.npz,61c8f484f5c6351ec99a8387bb148aece5b3f31927941dadb25687145b1a4434,8000,0.01,0.6683366789924444,0.4972897084917727,-0.14843402731429442,1,3,0.13766739938021108,1,3,0.05,0,0,3,0.4,1030,10.3,5.0,0,,,,0.4217599135038376,0.7936021303761365,0.01701806288690111,1,0.19373080785764044,1,0.04366374326239318,0.42539514670680795,0.10264278659598162,1,0,1,1.0771176333259678,0.33069618732965045,0.010063616839938505,1,0.15753321025142283,1,0.15768772199334857,1.0825787364824913,0.14565935638612915,1,0,1,0.04424848923352614,0.05221927674323317,-0.47238376166972285,1,0.061738180031569966,1,0.02426416402301159,0.036465984051476365,0.6653917247580552,1,0,1
unseen_short__ordinary_baseline__seed_789__I_3p29__window_1,unseen_short,ordinary_baseline,789,3.29,1,70000,72000,72000,80000,0.593462120829305,0,,,chapter2/final_results/raw_arrays/unseen_short__ordinary_baseline__seed_789__I_3p29__window_1.npz,9eb943cbd1f6183f6953434b5f5ea1e9a851274385e99511eea5c5f07cf92715,8000,0.01,0.8858636823661373,0.593462120829305,-0.06923870031013475,1,3,0.37812794344914097,1,3,0.05,0,0,3,0.4,163,1.6300000000000001,5.0,0,,,,0.4906070701036065,0.9231479890472667,0.12334672287526494,1,0.38019432643308926,1,0.1355476912103351,0.5239862276031508,0.25868559910508615,1,0,1,1.4524435170668395,0.4459285769211002,0.03564932016041533,1,0.27889142540188344,1,0.5256261821705116,1.4790462578320733,0.35538184109329574,1,0,1,0.06305492606244026,0.07441344758012365,-0.36671214396608454,1,0.47529807851245026,1,0.0402720266493793,0.053936218443747255,0.7466601814396941,1,0,1
unseen_short__ordinary_baseline__seed_789__I_3p29__window_2,unseen_short,ordinary_baseline,789,3.29,2,80000,82000,82000,90000,0.6636756717122132,0,,,chapter2/final_results/raw_arrays/unseen_short__ordinary_baseline__seed_789__I_3p29__window_2.npz,22f56be49d8cbca40bc80246f34b0b41e446722b002340661ef989857ecaf66d,8000,0.01,0.8807205227181057,0.6636756717122132,0.07605868241719893,1,3,0.5115434119216776,1,3,0.05,0,0,3,0.4,1492,14.92,5.0,0,,,,0.5616416173575854,1.056809738839307,0.020432503346388575,1,0.24608462922613067,1,0.12172089108167267,0.567468943237962,0.21449789020547388,1,0,1,1.4142350622738835,0.43419783374797744,0.05992898319556339,1,0.33073273735417075,1,0.4622668252531644,1.4586169923688963,0.3169213218217146,1,0,1,0.10725576766636734,0.12657649359549947,0.14781456070964483,1,0.9578128691847314,1,0.05578842609658054,0.11618594666467928,0.48016500874748486,1,0,1
unseen_short__ordinary_baseline__seed_789__I_3p29__window_3,unseen_short,ordinary_baseline,789,3.29,3,89999,91999,91999,99999,0.6925382174845005,0,,,chapter2/final_results/raw_arrays/unseen_short__ordinary_baseline__seed_789__I_3p29__window_3.npz,880d071c49adcfc399de3753739398504b8e265cb8108fd2313df2f680701ce0,8000,0.01,1.1561682904861594,0.6925382174845005,-0.6389098108743092,1,3,0.20698386259805626,1,3,0.05,0,0,3,0.4,463,4.63,5.0,0,,,,0.547517512150151,1.0302331970120948,-0.01453618719493166,1,0.09082547959634021,1,0.12009039547526146,0.5435809687615815,0.2209245767909398,1,0,1,1.920694193333231,0.5896906958993936,-0.1844020378192337,1,0.08634161807633065,1,0.441972381450191,1.7648534589078526,0.2504300735108611,1,0,1,0.1460607317590002,0.17237166522881908,-1.7177912076087622,1,0.4437844901214979,1,0.03773356123707289,0.08859830787706391,0.4258948296104112,1,0,1
unseen_short__ordinary_baseline__seed_789__I_3p34__window_1,unseen_short,ordinary_baseline,789,3.34,1,70000,72000,72000,80000,0.5504836124461504,0,,,chapter2/final_results/raw_arrays/unseen_short__ordinary_baseline__seed_789__I_3p34__window_1.npz,9ace4a78622b9cd49513954e9e3be723b93819ea70d5d4ee57b3407dce7f1816,8000,0.01,0.8644591127854699,0.5504836124461504,-0.19247470879041217,1,3,0.044384744577344586,1,3,0.05,0,0,3,0.4,1133,11.33,5.0,0,,,,0.4483196506970322,0.8435781080446677,-0.0256367549950276,1,0.12549886843197344,1,0.04943955159235764,0.44268110695206025,0.11168209082325181,1,0,1,1.4272184409126654,0.43818398501099654,-0.15478119819659208,1,0.028755510989281384,1,0.16134660221947703,1.3281300296906018,0.12148404042717412,1,0,1,0.06265529308235829,0.07394182593734891,-0.39700617317961684,1,-0.021100145689221066,1,0.031566435728423624,0.053010097525212456,0.5954796765542663,1,0,1
unseen_short__ordinary_baseline__seed_789__I_3p34__window_2,unseen_short,ordinary_baseline,789,3.34,2,80000,82000,82000,90000,0.5956493868583793,0,,,chapter2/final_results/raw_arrays/unseen_short__ordinary_baseline__seed_789__I_3p34__window_2.npz,1e90481e28116836ac1e73f0d86b3396eceda24a8254dd8d56e59b9eb0c313aa,8000,0.01,0.8760777360089664,0.5956493868583793,-0.3434994900724676,1,3,0.17602891692949854,1,3,0.05,0,0,3,0.4,50,0.5,5.0,0,,,,0.49376992109842427,0.9290993495421465,0.07090937947821863,1,0.31325244003032016,1,0.23442650697211684,0.512266071644473,0.4576264561491697,1,0,1,1.432917035659445,0.43993356509175013,-0.2769379103900387,1,0.1430162281151651,1,0.8480788295425705,1.2680493494798788,0.6688058551431225,1,0,1,0.07400427370904698,0.0873351772215239,-0.8244699393055828,1,0.07181808264301041,1,0.03392575637432228,0.054788378157575895,0.6192144669212329,1,0,1
unseen_short__ordinary_baseline__seed_789__I_3p34__window_3,unseen_short,ordinary_baseline,789,3.34,3,89999,91999,91999,99999,0.49982389051078474,0,,,chapter2/final_results/raw_arrays/unseen_short__ordinary_baseline__seed_789__I_3p34__window_3.npz,5dfbfe44e96062519f7c8f6236818dc4e14970f13300cbee1977eb1f5651ed17,8000,0.01,0.6736279048867195,0.49982389051078474,-0.27439782464002666,1,3,0.13158293146693634,1,3,0.05,0,0,3,0.4,1036,10.36,5.0,0,,,,0.42346352847112123,0.7968077277411066,0.009060906035225802,1,0.1815894992718,1,0.04139687496711097,0.42539514670680795,0.09731393338072716,1,0,1,1.08608215629197,0.3334484712718703,-0.006482833146506772,1,0.16074763006074588,1,0.1379755744371344,1.0825787364824913,0.12745084471679524,1,0,1,0.04927324390771263,0.05814917535544134,-0.8257715468087989,1,0.05241166506826315,1,0.028807359699847244,0.036465984051476365,0.7899789474810827,1,0,1
unseen_short__ordinary_baseline__seed_2026__I_3p29__window_1,unseen_short,ordinary_baseline,2026,3.29,1,70000,72000,72000,80000,0.5939343324359871,0,,,chapter2/final_results/raw_arrays/unseen_short__ordinary_baseline__seed_2026__I_3p29__window_1.npz,65b9f3ca0c5da3b7d7d48309ba01271dc72a588b66dcff65cde1b10e2254285d,8000,0.01,0.8849739037897919,0.5939343324359871,-0.19095457371233923,1,3,0.3653264979572343,1,3,0.05,0,0,3,0.4,162,1.62,5.0,0,,,,0.4908261362212839,0.9235601935553666,0.12256366075612013,1,0.3630953366950093,1,0.14788904273821993,0.5239862276031508,0.2822384157207773,1,0,1,1.450373138408433,0.4452929301658344,0.03839661882226464,1,0.26848962320888986,1,0.5947024991823441,1.4790462578320733,0.40208512481146813,1,0,1,0.07102038124500014,0.08381377549569834,-0.7338240007154024,1,0.4643945339678038,1,0.033921495937407814,0.053936218443747255,0.6289186916725765,1,0,1
unseen_short__ordinary_baseline__seed_2026__I_3p29__window_2,unseen_short,ordinary_baseline,2026,3.29,2,80000,82000,82000,90000,0.6710982221994215,0,,,chapter2/final_results/raw_arrays/unseen_short__ordinary_baseline__seed_2026__I_3p29__window_2.npz,705f085a030be42a7bb3522ab02144a88f91a12ddc8b40a84f46b18ed6beb424,8000,0.01,0.9041412631436847,0.6710982221994215,-0.026421453623698448,1,3,0.5009443121164852,1,3,0.05,0,0,3,0.4,902,9.02,5.0,0,,,,0.5651701371913534,1.0634491580147594,0.008085552042462862,1,0.24446401794820055,1,0.12231435760414056,0.567468943237962,0.21554370342492793,1,0,1,1.455424209288336,0.4468437077505978,0.004373031080692202,1,0.3041802248189957,1,0.47441874475012186,1.4586169923688963,0.32525244614052695,1,0,1,0.12139752139850331,0.1432656995902104,-0.0917229439942504,1,0.9541886935822591,1,0.04725154511116888,0.11618594666467928,0.4066889883639725,1,0,1
unseen_short__ordinary_baseline__seed_2026__I_3p29__window_3,unseen_short,ordinary_baseline,2026,3.29,3,89999,91999,91999,99999,0.6930710428853312,0,,,chapter2/final_results/raw_arrays/unseen_short__ordinary_baseline__seed_2026__I_3p29__window_3.npz,9f0fea721fa9a81981c619c1c877864ec2ef5f67e232b6752f090eae0f2ffeb7,8000,0.01,1.1523902434835096,0.6930710428853312,-0.5640478876477177,1,3,0.18899412099876012,1,3,0.05,0,0,3,0.4,458,4.58,5.0,0,,,,0.5493569560720505,1.033694376153089,-0.02136452492587937,1,0.07365407490840362,1,0.12333463541512572,0.5435809687615815,0.22689285038089915,1,0,1,1.9138006485778023,0.5875742427866829,-0.17591544322143782,1,0.05628996074970952,1,0.4677272710251136,1.7648534589078526,0.265023290553856,1,0,1,0.13994224575293054,0.16515101386794814,-1.494863694795836,1,0.4370383273381672,1,0.0319695458490638,0.08859830787706391,0.3608369800179896,1,0,1
unseen_short__ordinary_baseline__seed_2026__I_3p34__window_1,unseen_short,ordinary_baseline,2026,3.34,1,70000,72000,72000,80000,0.5485087657249531,0,,,chapter2/final_results/raw_arrays/unseen_short__ordinary_baseline__seed_2026__I_3p34__window_1.npz,c722720939f156a2ac5f17b3e7c9373e8085ffd5079979edadb241c3ce1d649a,8000,0.01,0.8564932167749376,0.5485087657249531,-0.14332990509169613,1,3,0.027618729893818507,1,3,0.05,0,0,3,0.4,1126,11.26,5.0,0,,,,0.4476099528031358,0.8422427090594,-0.02239212313167993,1,0.10297935628863028,1,0.0507991952561203,0.44268110695206025,0.11475347481143248,1,0,1,1.4130827143149556,0.4338440403787997,-0.1320196743300106,1,0.0033457988865975407,1,0.17899657057441318,1.3281300296906018,0.1347733780374741,1,0,1,0.05987039168316384,0.07065526091815341,-0.2755779178133979,1,-0.02346896549377231,1,0.026595396299588864,0.053010097525212456,0.5017043457982635,1,0,1
unseen_short__ordinary_baseline__seed_2026__I_3p34__window_2,unseen_short,ordinary_baseline,2026,3.34,2,80000,82000,82000,90000,0.6022028866390637,0,,,chapter2/final_results/raw_arrays/unseen_short__ordinary_baseline__seed_2026__I_3p34__window_2.npz,963431d455ca0cc9b2452c7a5d5e1a9f3e31bf7d47f9049c9e4c654a01e2698c,8000,0.01,0.8954072885277432,0.6022028866390637,-0.4890034701391547,1,3,0.16313633976669217,1,3,0.05,0,0,3,0.4,50,0.5,5.0,0,,,,0.4974167047233324,0.9359612991041737,0.057134930202303535,1,0.3066395101188197,1,0.25182901490341975,0.512266071644473,0.4915980753810222,1,0,1,1.4667231040417497,0.45031268950373743,-0.33790092820762996,1,0.1556155034795246,1,0.9552827039669753,1.2680493494798788,0.7533482071173395,1,0,1,0.08100984494571345,0.0956027106331447,-1.1862444124121376,1,0.027154005701732275,1,0.02925307980198785,0.054788378157575895,0.5339285590431894,1,0,1
unseen_short__ordinary_baseline__seed_2026__I_3p34__window_3,unseen_short,ordinary_baseline,2026,3.34,3,89999,91999,91999,99999,0.497740736149183,0,,,chapter2/final_results/raw_arrays/unseen_short__ordinary_baseline__seed_2026__I_3p34__window_3.npz,2c95aa02ea7a53b854520eb4a06a475a6bb7d807fd0b7195da3f6403c64934d0,8000,0.01,0.6695735218074176,0.497740736149183,-0.1490599077731847,1,3,0.13133112327071433,1,3,0.05,0,0,3,0.4,1030,10.3,5.0,0,,,,0.42206408673060186,0.7941744761895615,0.015599698569572218,1,0.1853191011275517,1,0.043367771481328705,0.42539514670680795,0.10194702929043703,1,0,1,1.0793029312313667,0.3313671165421499,0.006042699649586147,1,0.14857482944213357,1,0.15809278127332052,1.0825787364824913,0.1460335178824911,1,0,1,0.04419493912657013,0.052156080283801295,-0.4688221215387125,1,0.06009943924245772,1,0.024219327420919673,0.036465984051476365,0.6641621788330466,1,0,1
