N_res,best_score,input_scaling,iteration,leaky_coefficient,optimizer,p,reason,regularization,score,spectral_radius,stable,validation_mean_gap,validation_nrmse,validation_nrmse_x,validation_penalty,validation_score,validation_std_ratio,washout
688,5.847422347776826,0.2896663415980111,1,0.5097321137214708,gp,0.05301826217590949,ok,3.161364550529613e-08,5.847422347776826,0.9178146001636618,True,2.7312560939253694,2.839067522033273,3.2349228532021073,2.7312560939253694,5.847422347776826,1.125682015205584,257
434,1.5111734210670438,0.44431931246942186,2,0.1206163368995122,gp,0.04571602722594935,ok,0.0004929053648241689,1.5111734210670438,0.8405330837693119,True,0.40402537585128473,1.66879143105238,1.4436228453590425,0.0,1.5111734210670438,1.3846061149542324,50
796,1.5111734210670438,0.05291495802319283,3,0.08508773975819653,gp,0.131146671732989,non_finite_prediction,4.206039057901996e-06,1000000.0,0.8169918962929686,False,1000000.0,1000000.0,1000000.0,1000000.0,1000000.0,1000000.0,230
276,0.5671448407497914,0.3862961652265289,4,0.14523663286363098,gp,0.1952759933914627,ok,8.171653749019048e-07,0.5671448407497914,0.5896628042581826,True,0.003700803349453777,0.44922040024390636,0.617683886680885,0.0,0.5671448407497914,1.0016895362135823,492
507,0.5671448407497914,0.047428378249525255,5,0.4043594614180711,gp,0.17478927321253776,ok,0.0005140540420871605,1.1189575211692877,0.8581845231526679,True,0.13848538809547714,0.9406132845941229,1.1953907654157871,0.0,1.1189575211692877,1.0882088637233598,303
462,0.5671448407497914,0.4226275705422566,6,0.2535383355387285,gp,0.022873925399638555,ok,1.1219752813215717e-05,1.5363742471823336,0.5885362953732894,True,0.42897057111831394,1.8399225195664635,1.4062821304462783,0.0,1.5363742471823336,0.6834180120953746,425
345,0.0038062793086021496,0.27808728971509705,7,0.62386021542871,gp,0.09039090936318338,ok,1.0957420145894577e-07,0.0038062793086021496,0.5593416526728374,True,2.8024846392032187e-05,0.0030781535028695677,0.004118333225344685,0.0,0.0038062793086021496,1.0000204005977515,305
267,0.0038062793086021496,0.5589289648445248,8,0.3645081699213065,gp,0.1716112594270998,ok,4.3287248298571225e-05,0.21839489596975187,0.7198524800218595,True,0.0018513644386044135,0.17499171943876957,0.23699625734017285,0.0,0.21839489596975187,1.0010674182382167,197
626,0.0038062793086021496,0.6,9,0.8,gp,0.02,ok,1e-08,0.0626469583517636,0.45,True,0.0003495685117048468,0.05028379578213168,0.06794545659589156,0.0,0.0626469583517636,1.0001558051089214,500
662,0.0038062793086021496,0.04,10,0.08,gp,0.2,non_finite_prediction,0.001,1000000.0,1.05,False,1000000.0,1000000.0,1000000.0,1000000.0,1000000.0,1000000.0,50
250,0.0038062793086021496,0.04,11,0.5639365721180225,gp,0.2,ok,0.001,0.9106998735808833,1.05,True,0.04386881244954892,0.7436834403530659,0.9822783449642337,0.0,0.9106998735808833,1.0762669211405025,283
250,0.0038062793086021496,0.5348083625973037,12,0.6002467689669155,gp,0.2,ok,0.0007377104787073908,0.5701244083175729,0.7954193412991546,True,0.006311121940950932,0.4486901682411077,0.6221676540646295,0.0,0.5701244083175729,1.0028185708623456,481
800,0.0038062793086021496,0.4105315192073389,13,0.8,gp,0.2,ok,1e-08,0.22738351974040832,1.05,True,0.00030270147875577764,0.18097038291864095,0.24727486409259436,0.0,0.22738351974040832,0.9999346430200202,50
250,0.0038062793086021496,0.12722251668674883,14,0.4815550409447744,gp,0.2,ok,0.001,0.542530804437054,1.05,True,0.005991104190378055,0.4300826032942729,0.5907228906411031,0.0,0.542530804437054,1.004140522461948,50
800,0.0038062793086021496,0.04,15,0.8,gp,0.02,prediction_exploded,1e-08,1000000.0,0.45,False,1000000.0,1000000.0,1000000.0,1000000.0,1000000.0,1000000.0,500
416,0.0038062793086021496,0.061859325761701944,16,0.8,gp,0.13391259472553316,ok,6.881925699208214e-05,0.8763930244482631,0.6265452526299631,True,0.035351569832951256,0.7077081887730815,0.9486865254519123,0.0,0.8763930244482631,0.9899183228275709,471
665,0.0038062793086021496,0.4052892469608309,17,0.8,gp,0.02,ok,1e-08,0.15497244791272285,0.9016895802124367,True,0.0008810460578149185,0.1244265965591972,0.16806352706423383,0.0,0.15497244791272285,1.0004136393528615,403
489,0.0038062793086021496,0.20953527930113758,18,0.5251791468409688,gp,0.19969863948535038,ok,8.968766877801682e-08,0.18315359860101663,1.05,True,0.0008456277420189556,0.1464070831562192,0.19890210522021554,0.0,0.18315359860101663,1.0003415386795924,50
800,0.0038062793086021496,0.6,19,0.08,gp,0.02,ok,0.001,1.4408564098120165,0.45,True,0.19069567986477295,1.3800692248455717,1.4669080605119214,0.0,1.4408564098120165,1.2692579176165992,500
475,0.0038062793086021496,0.6,20,0.8,gp,0.2,ok,1e-08,0.04747673117320429,0.45,True,0.0002405788832573165,0.03812510862139158,0.05148456940969545,0.0,0.04747673117320429,1.0001055125420282,500
597,0.002659026489584537,0.3226541734533123,21,0.8,gp,0.04342434680318768,ok,1e-08,0.002659026489584537,0.45,True,1.2457356982640564e-05,0.002142117119201153,0.0028805590768917018,0.0,0.002659026489584537,1.0000069692640674,50
471,0.002659026489584537,0.06424816221572907,22,0.08,gp,0.02,prediction_exploded,0.001,1000000.0,1.05,False,1000000.0,1000000.0,1000000.0,1000000.0,1000000.0,1000000.0,500
800,0.002659026489584537,0.2196558621705716,23,0.8,gp,0.2,ok,0.001,1.4672351407144566,0.8526722134477905,True,0.4928500216703654,2.310818965777664,1.105699215687368,0.0,1.4672351407144566,0.2036164973524502,50
250,0.002659026489584537,0.5586542001732555,24,0.10658814938787127,gp,0.2,ok,2.575440477850396e-07,0.6294141882775004,1.05,True,0.0023915787942273533,0.49830720322008615,0.6856028961592494,0.0,0.6294141882775004,0.9992366489388244,50
250,0.002659026489584537,0.05121348461581235,25,0.8,gp,0.2,ok,0.001,1.250566376143783,0.45,True,0.2272519734253642,1.1132974525386234,1.3093959148317087,0.0,1.250566376143783,1.0583341481844675,50
800,0.002659026489584537,0.3629975806331486,26,0.8,gp,0.2,ok,4.342434958596478e-06,1.2363144211431805,1.05,True,0.504915543921869,1.5176585696629994,1.1157383574918296,0.0,1.2363144211431805,0.40495113907144004,50
800,0.002659026489584537,0.24976992514096774,27,0.5268058826283253,gp,0.2,ok,7.357018525348786e-06,4.449753509735764,1.05,True,1.6043139018789256,2.1160047474151873,3.1580545480461173,1.6043139018789256,4.449753509735764,2.4932405110383047,50
800,0.002659026489584537,0.6,28,0.5065763300620212,gp,0.2,ok,1e-08,1.0000835863900535,1.05,True,0.00814706012318452,1.0732327532621015,0.9687339434448903,0.0,1.0000835863900535,0.8448001278123728,50
250,0.002638845818981778,0.4549872716607756,29,0.2505839239341943,gp,0.2,ok,1e-08,0.002638845818981778,0.45,True,7.136437835519003e-06,0.002099246000863698,0.002870102883889527,0.0,0.002638845818981778,0.9999970030937314,50
800,0.002638845818981778,0.6,30,0.8,gp,0.2,ok,0.001,8.9052738564171,1.05,True,4.6241684845695765,3.1917130910866827,4.747987777887883,4.6241684845695765,8.9052738564171,0.3535583918496855,50
447,0.0009238872962404601,0.15193514487295012,1,0.6793794171959301,dummy,0.12040535644149887,ok,4.3278409070727026e-08,0.0009238872962404601,0.8435908233038445,True,1.0027929818033443e-06,0.0007415341016728374,0.0010020386653408699,0.0,0.0009238872962404601,1.0000012697373355,189
689,0.0009238872962404601,0.47989770775315715,2,0.6442232264440333,dummy,0.09781193939138905,ok,6.516929616979904e-08,0.11903095048721114,0.6811693385309614,True,0.0006534246845004126,0.09552422028884748,0.129105263429367,0.0,0.11903095048721114,1.0002902674186558,361
581,0.0009238872962404601,0.38433124400552543,3,0.7120176818661226,dummy,0.07985387881465866,ok,1.3183159225701962e-06,1.3103956084759099,0.8109440696852265,True,0.17847001432220563,1.1585606397501036,1.3754677379298268,0.0,1.3103956084759099,1.0938185810173295,314
336,0.0009238872962404601,0.057896884798086204,4,0.1364157741159892,dummy,0.1593461496083669,non_finite_prediction,3.3979132874552366e-05,1000000.0,0.975377045392126,False,1000000.0,1000000.0,1000000.0,1000000.0,1000000.0,1000000.0,343
602,0.0009238872962404601,0.45133419804096714,5,0.47468052971092045,dummy,0.19173934515856147,ok,4.933547132273005e-06,1.3332053372074464,0.734985675566548,True,0.21000118118802077,1.2030458543388656,1.3889879727225525,0.0,1.3332053372074464,1.3139491557517766,346
585,0.0009238872962404601,0.5710123444576205,6,0.625377896026372,dummy,0.12413098114212275,ok,0.00024474064308885427,0.9203410752210711,0.555690452971559,True,0.18304596190879843,0.9459813857737055,0.9093523706985136,0.0,0.9203410752210711,0.619956994595374,461
501,0.0009238872962404601,0.5566932512556133,7,0.7858362434837657,dummy,0.0917954409352831,ok,1.0421046587421742e-06,1.1075369482522441,0.6200151618718205,True,0.546838167931399,1.0144698354084394,1.147422853756732,0.0,1.1075369482522441,0.24826953366021837,55
295,0.0009238872962404601,0.5994815823537437,8,0.7139087047748732,dummy,0.18826405764263252,ok,8.65217698418117e-06,0.008211573129993542,0.5408818238131536,True,0.00025491272625041976,0.006785164082438821,0.00882289129323128,0.0,0.008211573129993542,0.9999037835939554,410
715,0.0007616922705053875,0.2808673344659844,9,0.14748072561580206,dummy,0.07362546039225804,ok,3.2827576158867195e-08,0.0007616922705053875,0.5125521677201456,True,3.2419474669006025e-06,0.000609680536730758,0.0008268401564088002,0.0,0.0007616922705053875,1.000000247056396,372
272,0.0007616922705053875,0.2558579357441611,10,0.26012708365942994,dummy,0.1801149001883289,ok,7.304193324633838e-05,1.5032062590172974,0.7937252960923606,True,0.6744791058160544,1.5732337223968478,1.2264521184780361,0.1727196593636178,1.5032062590172974,0.06545606812727645,85
788,0.0007616922705053875,0.587663286830688,11,0.2926561464451058,dummy,0.15859515171154276,ok,0.00022551205022177558,3.2459438454259417,0.8750604430085306,True,1.2777299515156553,1.8530747681676878,2.0175592335142576,1.2777299515156553,3.2459438454259417,0.9534339887017305,380
398,0.0007616922705053875,0.2995157419996804,12,0.7104066945433827,dummy,0.1761073638710278,ok,5.563960637187495e-05,0.4156779888397255,0.963688340208994,True,0.002605399677941097,0.33106943461114013,0.45193879779483354,0.0,0.4156779888397255,1.0013875061917934,134
586,0.0007616922705053875,0.32677306813259854,13,0.17916936454512417,dummy,0.04139748049600668,ok,2.899459189465146e-05,1.2028515895360574,0.9851999267507323,True,0.4405736192216859,1.349040485222336,1.1401992056705095,0.0,1.2028515895360574,0.42352878557135715,287
567,0.0007616922705053875,0.4349704078385132,14,0.5688615687203094,dummy,0.14400626818702958,ok,4.868540951295279e-08,0.0234224400422324,0.49585283467730706,True,9.095356762090161e-05,0.018830855174369616,0.02539026212845931,0.0,0.0234224400422324,1.0000430565573415,345
384,0.0007616922705053875,0.29271262526273023,15,0.36318146905359594,dummy,0.03538976183392461,ok,3.000114426295234e-06,0.09842487147026391,0.8022711109096066,True,0.0006773919155015295,0.078442076451807,0.10698892647817403,0.0,0.09842487147026391,0.9996925005837292,102
473,0.0007616922705053875,0.10307248041322192,16,0.33459957677524976,dummy,0.10063851417365471,ok,1.471201128421348e-06,0.025362035622304595,0.826828098071678,True,0.00010341369129267753,0.020171072356980017,0.027586734164586554,0.0,0.025362035622304595,1.0002267795242559,178
606,0.0007616922705053875,0.43978987592118757,17,0.6715634049241389,dummy,0.02237074792277871,ok,7.246706568208742e-06,0.03470662041104624,0.4780167322672024,True,0.00012515585429076807,0.02789997537095636,0.037623753999656194,0.0,0.03470662041104624,1.000068913660842,341
778,0.0007616922705053875,0.21092075839201863,18,0.4679626872591199,dummy,0.1165018302223639,ok,0.00010838684708886458,0.11702140141724227,0.5949226459412487,True,0.0008481071762169914,0.09311552553873574,0.12726677679374507,0.0,0.11702140141724227,1.0003917561634659,66
355,0.0007616922705053875,0.4277904673265129,19,0.7064079984776925,dummy,0.17136027115626495,ok,2.0230115181831438e-08,0.04620553819499532,0.9869423974106644,True,0.00013371314063547623,0.037009632341099594,0.05014664070380778,0.0,0.04620553819499532,1.0000667742496625,413
392,0.0007616922705053875,0.24232908376650292,20,0.2460838524816275,dummy,0.13741740224713464,ok,5.477400592796883e-07,0.01241758369334103,0.7180779959875252,True,8.209498285836635e-05,0.009893734975985847,0.01349923314363611,0.0,0.01241758369334103,0.9999638212139318,146
472,0.0007616922705053875,0.15534478073545313,21,0.696504844564182,dummy,0.08028824711389594,ok,1.0107454726570356e-05,0.036926334435293334,0.5797435935536156,True,0.0005677825750524986,0.029450575581321144,0.040130231086995705,0.0,0.036926334435293334,1.0002624316175075,430
648,0.0007616922705053875,0.09008473558616642,22,0.6953443017423986,dummy,0.17197012070477866,ok,2.222712844236164e-06,0.018052596953795522,0.8666276609205836,True,0.00036948645518058564,0.014438953751472234,0.019601301183362646,0.0,0.018052596953795522,1.0002205136355733,295
682,0.0007616922705053875,0.555239148131318,23,0.5478763579692845,dummy,0.05783304249371826,ok,7.992280521002177e-05,0.9762631545800939,0.4769739047106504,True,0.34888233152042963,0.7970064711035042,1.0530874474986325,0.0,0.9762631545800939,0.6164882596193771,62
475,0.0007616922705053875,0.4970869112056366,24,0.6985553400806394,dummy,0.020034949219916852,ok,0.0005344801669374683,3.1897330769072347,0.8312331145771683,True,1.025538819875048,2.1150394201888814,2.185260615679318,1.025538819875048,3.1897330769072347,1.7019641320426393,478
475,0.0007616922705053875,0.5114024291471744,25,0.1374774159540148,dummy,0.16842505176935613,ok,0.0005765369635025923,1.4598936609815205,0.5698981109664049,True,0.21393376136174933,1.4086138063423677,1.4818707415411576,0.0,1.4598936609815205,1.5493607257127269,83
252,0.0007616922705053875,0.46761619072247457,26,0.28033070173070107,dummy,0.0868989654175205,ok,2.1078219818497088e-05,0.20437360198120916,0.7803046544961485,True,2.4034062597227756e-05,0.1624676162924569,0.22233331013353158,0.0,0.20437360198120916,1.0001137634287578,55
546,0.0007616922705053875,0.43735754991227566,27,0.14686752290468286,dummy,0.022199651981952305,ok,0.0004010141290404625,0.9728672516591699,0.5787871634681756,True,0.23436611138112595,1.1254957573305178,0.9074550349428778,0.0,0.9728672516591699,0.6678139476458789,318
409,0.0007616922705053875,0.13450244471764258,28,0.3087053767009429,dummy,0.1363338586115168,ok,1.189006108930805e-05,0.0579107777091775,0.7462255873706146,True,0.0005332871231095005,0.046094425078974176,0.0629749288364075,0.0,0.0579107777091775,1.0003848009047336,245
614,0.0007616922705053875,0.21965062132832602,29,0.5792471958522505,dummy,0.10391577496360119,ok,0.0007319629418084613,0.266891504437301,0.6332480260847634,True,1.8851049329259515e-05,0.21305149345161872,0.2899657948597362,0.0,0.266891504437301,1.0001508166824575,265
446,0.0007616922705053875,0.31576910775298433,30,0.3782422928129581,dummy,0.16917272491087187,ok,0.00010436254475770466,0.16541719132646632,0.4584943905741745,True,0.0015669341307195683,0.1315483886708181,0.1799323924646013,0.0,0.16541719132646632,1.0007688480102408,236
353,0.008869298491511309,0.228612241322671,1,0.49740499190588816,forest,0.02993674004782221,ok,3.4469500695928916e-08,0.008869298491511309,0.8385444111721929,True,4.365777993788068e-05,0.007116820438221074,0.009620360514349982,0.0,0.008869298491511309,1.0000199905932043,389
544,0.008869298491511309,0.3068338856879275,2,0.1901337398436032,forest,0.045393643743467105,ok,0.00013747738122151657,1.4553159201314423,0.7910864758328,True,0.7313913472447112,1.5780663255459264,1.2640806492939636,0.09703956796189017,1.4553159201314423,0.08059208640762197,172
679,0.0060486325792409226,0.3363627344025843,3,0.4805187622151444,forest,0.11479874712145936,ok,1.391976354588756e-08,0.0060486325792409226,0.48748496780376405,True,2.7800409200831654e-05,0.004856430170213948,0.006559576468823912,0.0,0.0060486325792409226,1.0000118175292108,153
502,0.0060486325792409226,0.5199989818991435,4,0.11865506240309096,forest,0.022912696436422027,ok,1.7746986022409683e-06,0.8590639139462541,0.966699380917728,True,0.012753311163751873,0.6748356407515262,0.9380188881725662,0.0,0.8590639139462541,1.0088343799780302,271
622,0.0060486325792409226,0.5841149683630168,5,0.44808231758451594,forest,0.18854683758470783,ok,0.00036148565882372175,3.29417842473398,0.7666893467058723,True,1.4149949663330788,1.4839840428917348,2.0485546364762586,1.4149949663330788,3.29417842473398,0.7318633708203521,91
733,0.0060486325792409226,0.472528873039725,6,0.6030754082089874,forest,0.16512823625478867,ok,0.00019928545688860746,7.210554706605443,0.8333998243494909,True,3.7043161395933364,2.6336200632499964,3.8802179257672966,3.7043161395933364,7.210554706605443,0.5112899252985184,495
658,0.0060486325792409226,0.2058033100194782,7,0.567298573620059,forest,0.04369758544080689,ok,0.00011514181060470525,0.259990725419194,0.7195090958648098,True,0.0024515355430597793,0.2070014937302107,0.282700396143044,0.0,0.259990725419194,1.0011943169312056,156
531,0.0060486325792409226,0.4725125641333412,8,0.760718060889067,forest,0.1555847712347541,ok,1.3566794645813828e-06,0.7813545306687101,0.7895746946210072,True,0.12054216681229557,0.7124484613710514,0.8108857032248497,0.0,0.7813545306687101,0.6444391288083267,422
743,0.005914928981632606,0.1709591317359036,9,0.7545818489487686,forest,0.02688444353551821,ok,6.720226681373043e-07,0.005914928981632606,0.8336166251015109,True,5.7679735831372635e-05,0.004714241362961158,0.006429509389634655,0.0,0.005914928981632606,1.0000210221798322,464
758,0.005914928981632606,0.19275278357385045,10,0.5517422667884089,forest,0.0408059862961047,ok,1.5218684640364877e-05,9.289371153150151,0.9893972212399642,True,4.582708198966942,3.557610857479708,5.199113852770425,4.582708198966942,9.289371153150151,1.9838095137214227,306
772,0.004384723972074329,0.10171401751314439,11,0.7098023185337181,forest,0.12857211906624366,ok,3.340433157127249e-07,0.004384723972074329,0.8837062742915989,True,5.0449250500703674e-05,0.003495018128604581,0.004766026476418507,0.0,0.004384723972074329,1.0000258395594481,306
775,0.004384723972074329,0.08487102695254636,12,0.780598973370159,forest,0.02896065248256041,ok,2.1643049562633908e-06,0.07049231521881867,1.0112127431725326,True,0.0002645020652466619,0.05607259626569925,0.07667219477015558,0.0,0.07049231521881867,0.9998926439820435,339
781,0.004384723972074329,0.12582958490393023,13,0.6716122272985905,forest,0.15360699128846045,ok,4.965887220362392e-06,0.01877123893449662,0.7433807382535804,True,0.00019183858893206815,0.014960530602929758,0.02040439964802528,0.0,0.01877123893449662,1.000082986303756,207
772,0.004384723972074329,0.1614259448239854,14,0.5963247349333632,forest,0.1121613783578588,ok,6.87366566912058e-06,0.05425138613337753,0.676166360515926,True,2.9998736549280686e-05,0.04340159284555346,0.058901297542445,0.0,0.05425138613337753,0.9999889470442206,412
768,0.004384723972074329,0.17182583396483553,15,0.5779236959066034,forest,0.06396223885703929,ok,8.844450669960304e-06,0.02898250669426656,0.9076268265302379,True,2.8686155319138288e-05,0.023119592145986235,0.03149518435781527,0.0,0.02898250669426656,0.9999813603164381,314
779,0.004384723972074329,0.11929929766036457,16,0.4783948640722037,forest,0.08971701526711055,ok,9.33227649836877e-06,0.020296937661633815,0.987081768419861,True,0.00026720183120905764,0.016286942428564252,0.022015507047235056,0.0,0.020296937661633815,0.9998701946584873,427
723,0.004384723972074329,0.13597504348691838,17,0.58861695988964,forest,0.06583300921650913,ok,1.1882204182675785e-05,0.09816526873755822,1.0396841161118173,True,3.003747784513944e-05,0.07801378553023539,0.10680161868355374,0.0,0.09816526873755822,0.9999770963273275,142
771,0.004384723972074329,0.1660887149081774,18,0.5051949183860681,forest,0.09693498523210628,ok,1.2732102149033612e-05,0.01963467138262083,0.8750960971056354,True,3.6175398759964696e-05,0.01560882757595778,0.021360033014047854,0.0,0.01963467138262083,0.9999623170636204,239
746,0.004384723972074329,0.12700537077981125,19,0.2562866070257346,forest,0.18157883927591642,ok,1.3729897746394114e-05,0.1103193169759844,0.525178548907349,True,0.0013579875953324116,0.08793041606866908,0.11991456022197668,0.0,0.1103193169759844,1.001020139182013,466
784,0.004384723972074329,0.2121048001758513,20,0.7676496983318871,forest,0.0768051104510822,ok,1.4347592432650942e-05,0.04063194411990148,0.6911879787634863,True,0.00013010762492747163,0.032540707890326474,0.04409961678971935,0.0,0.04063194411990148,1.0000709772318288,427
530,0.004384723972074329,0.25074496496826076,21,0.5625706348491974,forest,0.14631082328512626,ok,1.4734347894014328e-05,0.05417681190910735,0.630085177371019,True,0.0007465562414362193,0.043189026676121886,0.058885862723243976,0.0,0.05417681190910735,1.0003697403286635,399
736,0.004384723972074329,0.19226140087032673,22,0.7314695347928519,forest,0.03553443076675872,ok,1.4900532345436624e-05,0.09265001711504373,0.5309283743471798,True,0.0010185480624010864,0.07377193684681656,0.10074062294428393,0.0,0.09265001711504373,1.0004708696052176,165
800,0.004384723972074329,0.13290126211181422,23,0.7815994885872712,forest,0.19835612944769437,ok,1.5009790735143179e-05,0.06677716934689995,0.8890094947387943,True,0.00023066461438087468,0.053507429197609487,0.072464200839453,0.0,0.06677716934689995,0.9999093577313992,331
721,0.004384723972074329,0.5308207553688442,24,0.5436881038689478,forest,0.14129595579079507,ok,1.5043131888043379e-05,0.9747762773891073,0.66997243912746,True,0.21444802593149487,0.9657223696516639,0.9786565235622974,0.0,0.9747762773891073,0.6150365560989209,238
372,0.004384723972074329,0.25499308387109104,25,0.5408431055555791,forest,0.04525650347721748,ok,1.5127306625942657e-05,0.17773965360491156,1.037861157893321,True,0.0009488888729154508,0.14118452533268827,0.19340613715015012,0.0,0.17773965360491156,0.99967419381379,155
383,0.004384723972074329,0.20480064906038914,26,0.19097717530773567,forest,0.05674156982312159,ok,1.5108851991240953e-05,0.054168460189856084,0.9232165583220033,True,0.000339323980851291,0.0432616258445546,0.05884281776641386,0.0,0.054168460189856084,0.9998023939835247,424
669,0.004384723972074329,0.22171679250737356,27,0.3021784329396882,forest,0.03185311381561445,ok,1.5133456312738843e-05,0.041007317075883655,0.6340054567566791,True,0.00019952309290346049,0.032608152565066974,0.044606959009090806,0.0,0.041007317075883655,1.000107970820605,394
709,0.004384723972074329,0.21831097952969578,28,0.47218941087260663,forest,0.06902678960954696,ok,2.2603317916481162e-05,0.23719729417161453,0.8752899035998124,True,0.0020711651810781492,0.18801373504848423,0.2582759623672418,0.0,0.23719729417161453,1.0010415239136963,343
309,0.004384723972074329,0.056444114388440936,29,0.5263902363981113,forest,0.1460035621051771,ok,1.5175885394167243e-05,0.724845815637065,0.7557958881638474,True,0.02112775779089548,0.579076149398128,0.7873185297394667,0.0,0.724845815637065,0.9892354694622219,298
622,0.004384723972074329,0.061708679147022674,30,0.6323201429383363,forest,0.024773130034236215,ok,1.5179421408316777e-05,1.1015219757588175,0.4579707366371389,True,0.1418382146065182,0.914551617480389,1.1816521293067155,0.0,1.1015219757588175,1.1028697113716426,215
437,0.048602858657298964,0.5631972765475416,1,0.49532182757040416,gbrt,0.16801655951560343,ok,4.023060143775962e-07,0.048602858657298964,0.4744819840048288,True,0.0001416988273122103,0.03905659522785225,0.05269411441277613,0.0,0.048602858657298964,1.0000653238666897,184
790,0.048602858657298964,0.1575598178009814,2,0.18972310019771235,gbrt,0.10532383628157259,ok,1.108982560822403e-06,1.808995070033706,0.9865634294022103,True,0.7030052100912417,1.6254955101881066,1.887637738538963,0.0,1.808995070033706,1.4240194772041685,111
594,0.048602858657298964,0.5642194083478504,3,0.35415422467267377,gbrt,0.054228369593160866,ok,0.00010690724998913509,1.174266929962095,0.7620968915339434,True,0.3747259712883404,1.196994026680758,1.1645267456540964,0.0,1.174266929962095,0.8082859030075572,217
530,0.048602858657298964,0.2351428554851144,4,0.08405757755837245,gbrt,0.1577473099445639,ok,7.535502160184881e-06,0.1680200525156454,0.7289801057753305,True,0.0008546903771238885,0.13482658924754595,0.182245822487688,0.0,0.1680200525156454,0.9993966969418838,358
773,0.048602858657298964,0.2652317191968486,5,0.7551161413767166,gbrt,0.02487079142048296,ok,1.9288154614601e-05,1.3428281328993104,1.0324638197358214,True,0.1392447790026967,1.3762812695309232,1.3284910743429048,0.0,1.3428281328993104,1.0425185602335825,256
655,0.048602858657298964,0.4541291159995879,6,0.5555817247127471,gbrt,0.043709172255640645,ok,7.93167338967273e-07,1.5609146604215922,0.8130295464059025,True,0.3019524642757416,1.656782288977253,1.5198285338977378,0.0,1.5609146604215922,1.4116287353303805,218
525,0.006947801873029377,0.21824601084898726,7,0.15176348714445093,gbrt,0.16046856783486116,ok,1.0742280610798986e-06,0.006947801873029377,0.726084232566963,True,4.8037852791248596e-05,0.005577960934594394,0.007534876560930085,0.0,0.006947801873029377,1.0000276625339193,105
294,0.006947801873029377,0.12158688660268219,8,0.5425829791206517,gbrt,0.1504157375532065,ok,0.00011250998885549963,0.29039498899199906,1.0026935548257236,True,0.0014006640371140313,0.23282796995566932,0.31506656857899756,0.0,0.29039498899199906,0.9992329463210526,363
489,0.006947801873029377,0.4877680351377103,9,0.0936371699483855,gbrt,0.1755338595555199,ok,0.00011041604390104812,0.9351551974501339,0.5749290871954053,True,0.011459114187860848,0.741889566130883,1.0179833251583843,0.0,0.9351551974501339,1.0054639911506882,69
442,0.00125216324312256,0.18283187821816826,10,0.21531223820591266,gbrt,0.16452465730638588,ok,2.4463028090468017e-08,0.00125216324312256,0.6631511690146483,True,7.169755125355252e-06,0.0010002112910668408,0.0013601426511464397,0.0,0.00125216324312256,0.9999973189965158,350
470,0.00125216324312256,0.13658044493963117,11,0.3454003719985826,gbrt,0.16986093292320448,ok,1.391878632432319e-08,0.0024349891848860013,0.4734214015649763,True,4.9481149763109835e-05,0.0019421849286764994,0.002646191008975788,0.0,0.0024349891848860013,1.0000242997338045,410
357,0.00125216324312256,0.153858870281609,12,0.2712631671132697,gbrt,0.16792838959815876,ok,5.850728546307542e-08,0.0022456649509487903,0.5926654701144997,True,1.1221325578708578e-07,0.0017963127562385353,0.002438244462967471,0.0,0.0022456649509487903,1.0000047750748955,483
286,0.00125216324312256,0.5846375796171911,13,0.44083678802152987,gbrt,0.15009985884692098,ok,3.6286664680008325e-08,0.01439873965458326,0.6775351659853817,True,5.14955223210449e-05,0.011548830868309611,0.015620129134414826,0.0,0.01439873965458326,1.0000203014677367,400
443,0.0007861628275173215,0.16995829452124206,14,0.1492116185157517,gbrt,0.15808263350835808,ok,2.2739005266290364e-08,0.0007861628275173215,0.6434417114939015,True,2.656650271746722e-06,0.0006372095696889393,0.0008499999380151996,0.0,0.0007861628275173215,0.9999982745892332,371
417,0.0007861628275173215,0.5604302133180675,15,0.27500272651743657,gbrt,0.16110217669636562,ok,1.0281161067877031e-08,6.441148063881517,0.5917235515010235,True,2.623421115894588,2.7527915723772374,4.274127823248225,2.623421115894588,6.441148063881517,3.199338224027515,454
606,0.0007861628275173215,0.47508057298647594,16,0.7613160421690088,gbrt,0.12040507861638877,ok,1.154135625878595e-08,0.8023050343554069,0.965757461079102,True,0.043371564983933485,0.7044270913348468,0.8442527242213613,0.0,0.8023050343554069,1.0015939459721943,277
577,0.0007861628275173215,0.4256046391852195,17,0.34123513542636835,gbrt,0.10738537336200138,ok,1.0348046297465508e-08,1.1679544826538006,0.9155416698586292,True,0.0938266873736333,1.1685937394467303,1.1676805154568308,0.0,1.1679544826538006,0.6447937591229853,122
599,0.0007861628275173215,0.31008323590185366,18,0.622015543089694,gbrt,0.13397470447567988,ok,1.0008524524725113e-08,0.3976196579928278,1.0258217268549148,True,0.002173451396499907,0.3161515222049025,0.43253457333051004,0.0,0.3976196579928278,1.0009499276159677,404
470,0.0007861628275173215,0.04792738070535888,19,0.3526115411073409,gbrt,0.16083995207365379,non_finite_prediction,2.313572852082794e-07,1000000.0,0.5372028703497107,False,1000000.0,1000000.0,1000000.0,1000000.0,1000000.0,1000000.0,457
310,0.0007861628275173215,0.07852252915351443,20,0.621567642284673,gbrt,0.11735991073363311,ok,4.975258150298591e-08,0.0044349781233190885,1.0438688140085841,True,8.173381223577533e-05,0.0035440366188606255,0.0048168101966584295,0.0,0.0044349781233190885,1.000028110630401,467
306,0.0007861628275173215,0.05598458358932625,21,0.08428634863920696,gbrt,0.08467738369579803,non_finite_prediction,2.285177487240145e-05,1000000.0,0.6617687200979506,False,1000000.0,1000000.0,1000000.0,1000000.0,1000000.0,1000000.0,299
715,0.0007861628275173215,0.04817731771295018,22,0.20114141171761923,gbrt,0.08972769477709425,non_finite_prediction,1.6363084913383403e-08,1000000.0,0.46007380099959566,False,1000000.0,1000000.0,1000000.0,1000000.0,1000000.0,1000000.0,351
777,0.0007861628275173215,0.06438566619099637,23,0.24732594283337234,gbrt,0.15984021352036376,non_finite_prediction,3.247288975119869e-07,1000000.0,0.8688228030043286,False,1000000.0,1000000.0,1000000.0,1000000.0,1000000.0,1000000.0,52
500,0.0007861628275173215,0.06861463468332628,24,0.6711299857021248,gbrt,0.06433454792626149,ok,3.3484889952833917e-07,0.14392192233230716,0.4554026855140858,True,0.0028754627345834926,0.1143929585066475,0.15657719254330418,0.0,0.14392192233230716,0.9985525445314108,418
636,0.0007861628275173215,0.05128660809387785,25,0.6252198368674683,gbrt,0.058363317378423735,ok,1.70799474266803e-06,1.1068260856260732,0.520893499821083,True,0.1418079905522038,0.9186478784093078,1.1874738887189729,0.0,1.1068260856260732,1.0970712168046897,479
582,0.0007861628275173215,0.05377301740939605,26,0.19825032552781596,gbrt,0.0882909050252738,non_finite_prediction,2.1169567553328e-05,1000000.0,0.696593946717809,False,1000000.0,1000000.0,1000000.0,1000000.0,1000000.0,1000000.0,289
625,0.0007861628275173215,0.06557014402521733,27,0.29029229242837484,gbrt,0.042572266510621515,ok,0.0009692233699138368,0.4495270960968937,1.008642945279537,True,0.0033533135828731843,0.35598595524500226,0.48961615646198997,0.0,0.4495270960968937,1.002146253874384,224
251,0.0007861628275173215,0.06252921343954927,28,0.23155372694709503,gbrt,0.03676753707129913,non_finite_prediction,1.167207592984014e-08,1000000.0,0.8721828235502618,False,1000000.0,1000000.0,1000000.0,1000000.0,1000000.0,1000000.0,401
665,0.0007861628275173215,0.0649745712240679,29,0.11054299065072683,gbrt,0.05276003700122099,non_finite_prediction,6.512969005858587e-06,1000000.0,0.4581964873321206,False,1000000.0,1000000.0,1000000.0,1000000.0,1000000.0,1000000.0,474
710,0.0007861628275173215,0.05900664589668247,30,0.4833785101612878,gbrt,0.15044519158268443,ok,0.00018838868514733063,1.1708432515519906,0.5754328824475003,True,0.12616885084612775,0.9696613265400553,1.257064076557106,0.0,1.1708432515519906,1.0959173853348394,499
