regime,optimizer,rank,validation_nrmse_x,validation_nrmse_all,best_score
periodic_spiking,GBRT,1,4.128422773526671e-05,3.357905491131919e-05,3.979771808387222e-05
periodic_spiking,Random forest,2,0.12623036413686203,0.10447356570976407,0.13096683980543214
periodic_spiking,Random search,3,0.4582237532647237,0.401166604607335,0.4721417438195877
periodic_spiking,Gaussian process,4,0.9608525524580166,0.9794698098251896,1.3059643061779396
periodic_bursting,Gaussian process,1,0.0006762301507146359,0.0004658740402853279,0.0007920533102008594
periodic_bursting,Random forest,2,0.002025396425652209,0.0013926029533364904,0.002222609923482347
periodic_bursting,GBRT,3,0.05259739112759768,0.0387570435419665,0.055296323901385
periodic_bursting,Random search,4,0.06476786652770004,0.04331531843930333,0.0801102539437006
chaotic_bursting,GBRT,1,0.027200086695611105,0.022021041482021556,0.030298403307330996
chaotic_bursting,Random forest,2,0.025090764393230474,0.02052812242211352,0.031215281397531425
chaotic_bursting,Gaussian process,3,0.05300541231271939,0.04334646975803894,0.06596322742003795
chaotic_bursting,Random search,4,0.32620042765834195,0.2683352388862367,0.40296262927638504
