stage,seconds
data_generation,63.918478111270815
bo_periodic_spiking,4166.528857030906
bo_periodic_bursting,3897.6241075550206
bo_chaotic_bursting,4282.330610004952
final_model_training,22.95219776686281
prediction_rollouts,23.08470187196508
linear_selection,262.1758808242157
linear_final_test,9.055392028996721
finite_time_selection,1293.7678279639222
finite_time_final_test,9.341597016900778
pyragas_selection,1103.1227807339747
pyragas_final_test,8.238239543978125
packaging,3.662163475062698
total_runtime,15173.87478923495
