controller,K,finite_s,pyragas_delay,pyragas_sign,pyragas_history_signal,stable,divergence_detected,divergence_reason,divergence_index,steps_completed,controller_law_coordinate_system,control_input_clip_normalized,divergence_abs_limit_normalized,metric_segment,hr_mode,optimizer,control_start_idx,control_start_time,control_start_frac,target_mode,evaluation_start_idx,evaluation_end_idx,evaluation_index_semantics,evaluation_sample_count,raw_readout_target_rmse_state,raw_readout_target_rmse_x,raw_readout_target_nrmse_x,corrected_feedback_input_target_rmse_state,corrected_feedback_input_target_rmse_x,corrected_feedback_input_target_nrmse_x,uncontrolled_target_rmse_state,uncontrolled_target_rmse_x,spike_count_before,spike_count_after,uncontrolled_spike_count_after,spike_reduction_percent,control_effort_mean_sq,control_energy_dt_sum,control_sample_dt,mean_control_norm,max_control_norm,evaluation_time_to_tolerance,settling_time,raw_readout_settling_time,mean_error_norm_post,max_error_norm_post,raw_readout_mean_error_norm_post,raw_readout_max_error_norm_post,target_rmse_state,target_rmse_x,target_nrmse_x,control_energy,control_energy_alias_of,target_rmse_alias_of,settling_time_alias_of,selection_score
finite_time,0.01,0.9,20,-1,raw_readout,True,False,,,27000,normalized_esn_coordinates,,20.0,controller_validation,chaotic_bursting,gbrt,9000,1140.0,0.2,rest_state_from_quiet_training_data,9000,27000,"zero_based_half_open_[start,end)",18000,0.035918394509351796,0.008275763176129889,0.016698120308028672,0.03541912692574046,0.008151174990206594,0.01644673702491265,0.9317053211345263,0.49142695197659353,2,0,5,100.0,7.479722970393271e-07,0.00013463501346695642,0.009999999999990905,0.0008637396736525513,0.0020134072627014193,0.049999999999954525,0.049999999999954525,0.05999999999994543,0.06124155728146176,0.1586002017774432,0.06210523361148034,0.16061156491014392,0.03541912692574046,0.008151174990206594,0.01644673702491265,7.479722970393271e-07,control_effort_mean_sq,corrected_feedback_input_target_rmse,evaluation_time_to_tolerance,0.03597840198907471
finite_time,0.07208333333333333,0.9,20,-1,raw_readout,True,False,,,27000,normalized_esn_coordinates,,20.0,controller_validation,chaotic_bursting,gbrt,9000,1140.0,0.2,rest_state_from_quiet_training_data,9000,27000,"zero_based_half_open_[start,end)",18000,0.00374911099603265,0.0010626779700991572,0.0021441798436897318,0.00329351767042626,0.0009229011723652722,0.0018621502912294248,0.9317053211345263,0.49142695197659353,2,0,5,100.0,6.301389097785947e-07,0.00011342500376004388,0.009999999999990905,0.0007629925807891399,0.014513310685305985,0.0,0.0,0.009999999999990905,0.005270565158073424,0.1461142489032122,0.006033493428456288,0.16061156491014392,0.00329351767042626,0.0009229011723652722,0.0018621502912294248,6.301389097785947e-07,control_effort_mean_sq,corrected_feedback_input_target_rmse,evaluation_time_to_tolerance,0.0037591172974217385
finite_time,0.13416666666666666,0.9,20,-1,raw_readout,True,False,,,27000,normalized_esn_coordinates,,20.0,controller_validation,chaotic_bursting,gbrt,9000,1140.0,0.2,rest_state_from_quiet_training_data,9000,27000,"zero_based_half_open_[start,end)",18000,0.002049267995804211,0.000584888026458557,0.0011801365535326618,0.0015829811256257362,0.00043586686619185054,0.0008794545246228931,0.9317053211345263,0.49142695197659353,2,0,5,100.0,6.754630368649233e-07,0.00012158334663557562,0.009999999999990905,0.0007533337693502117,0.027013214107910577,0.0,0.0,0.009999999999990905,0.002231826431423179,0.1336309044809722,0.0029850971524204486,0.16061156491014392,0.0015829811256257362,0.00043586686619185054,0.0008794545246228931,6.754630368649233e-07,control_effort_mean_sq,corrected_feedback_input_target_rmse,evaluation_time_to_tolerance,0.00205927475043457
finite_time,0.19625,0.9,20,-1,raw_readout,True,False,,,27000,normalized_esn_coordinates,,20.0,controller_validation,chaotic_bursting,gbrt,9000,1140.0,0.2,rest_state_from_quiet_training_data,9000,27000,"zero_based_half_open_[start,end)",18000,0.0014868270903723839,0.00040889460217456616,0.0008250322193979692,0.0010049574104355123,0.00025452327474368824,0.0005135550851820118,0.9317053211345263,0.49142695197659353,2,0,5,100.0,7.413465868455061e-07,0.00013344238563206973,0.009999999999990905,0.0007498167537752271,0.03951311753051515,0.0,0.0,0.009999999999990905,0.0011980075519371007,0.1211509748347267,0.0019477556351183934,0.16061156491014392,0.0010049574104355123,0.00025452327474368824,0.0005135550851820118,7.413465868455061e-07,control_effort_mean_sq,corrected_feedback_input_target_rmse,evaluation_time_to_tolerance,0.0014968345038382433
finite_time,0.2583333333333333,0.9,20,-1,raw_readout,True,False,,,27000,normalized_esn_coordinates,,20.0,controller_validation,chaotic_bursting,gbrt,9000,1140.0,0.2,rest_state_from_quiet_training_data,9000,27000,"zero_based_half_open_[start,end)",18000,0.0012142014470702042,0.00031778415002910914,0.0006411974166293389,0.0007148626825254633,0.00016002128331523056,0.0003228771273143695,0.9317053211345263,0.49142695197659353,2,0,5,100.0,8.19554416200305e-07,0.00014751979491592072,0.009999999999990905,0.0007481244801804314,0.05201302095311974,0.0,0.0,0.009999999999990905,0.0006846019504657418,0.10867563639360586,0.0014326435791662147,0.16061156491014392,0.0007148626825254633,0.00016002128331523056,0.0003228771273143695,8.19554416200305e-07,control_effort_mean_sq,corrected_feedback_input_target_rmse,evaluation_time_to_tolerance,0.001224209642614357
finite_time,0.3204166666666667,0.9,20,-1,raw_readout,True,False,,,27000,normalized_esn_coordinates,,20.0,controller_validation,chaotic_bursting,gbrt,9000,1140.0,0.2,rest_state_from_quiet_training_data,9000,27000,"zero_based_half_open_[start,end)",18000,0.0010559004515880474,0.0002624187359460114,0.0005294858650071322,0.000538392030876427,0.00010290169689736117,0.00020762615823136373,0.9317053211345263,0.49142695197659353,2,0,5,100.0,9.079190825375147e-07,0.00016342543485660401,0.009999999999990905,0.0007471888560851354,0.06451292437572433,0.0,0.0,0.009999999999990905,0.0003798829765769387,0.0962066752302295,0.0011269633494123447,0.16061156491014392,0.000538392030876427,0.00010290169689736117,0.00020762615823136373,9.079190825375147e-07,control_effort_mean_sq,corrected_feedback_input_target_rmse,evaluation_time_to_tolerance,0.0010659095307788637
finite_time,0.3825,0.9,20,-1,raw_readout,True,False,,,27000,normalized_esn_coordinates,,20.0,controller_validation,chaotic_bursting,gbrt,9000,1140.0,0.2,rest_state_from_quiet_training_data,9000,27000,"zero_based_half_open_[start,end)",18000,0.0009539902449924995,0.0002254872361662431,0.0004549686738606723,0.00041852580776840945,6.64755773144668e-05,0.0001341286796055613,0.9317053211345263,0.49142695197659353,2,0,5,100.0,1.0059910256684178e-06,0.0001810783846201505,0.009999999999990905,0.0007466031890594993,0.0770128277983289,0.0,0.0,0.009999999999990905,0.00017902952462932117,0.08374693990411398,0.0009254668779519726,0.16061156491014392,0.00041852580776840945,6.64755773144668e-05,0.0001341286796055613,1.0059910256684178e-06,control_effort_mean_sq,corrected_feedback_input_target_rmse,evaluation_time_to_tolerance,0.0009640003049027472
finite_time,0.44458333333333333,0.9,20,-1,raw_readout,True,False,,,27000,normalized_esn_coordinates,,20.0,controller_validation,chaotic_bursting,gbrt,9000,1140.0,0.2,rest_state_from_quiet_training_data,9000,27000,"zero_based_half_open_[start,end)",18000,0.0008844318789541397,0.00019932976192109283,0.00040219038107922777,0.00033192285295081004,4.506450665798848e-05,9.092727012385936e-05,0.9317053211345263,0.49142695197659353,2,0,5,100.0,1.1154987751536288e-06,0.0002007897795274706,0.009999999999990905,0.0007463459753557756,0.08951273122093348,0.0,0.0,0.009999999999990905,3.7534995379701376e-05,0.07130126716195623,0.000783205411381543,0.16061156491014392,0.00033192285295081004,4.506450665798848e-05,9.092727012385936e-05,1.1154987751536288e-06,control_effort_mean_sq,corrected_feedback_input_target_rmse,evaluation_time_to_tolerance,0.0008944430339418822
finite_time,0.5066666666666666,0.9,20,-1,raw_readout,True,False,,,27000,normalized_esn_coordinates,,20.0,controller_validation,chaotic_bursting,gbrt,9000,1140.0,0.2,rest_state_from_quiet_training_data,9000,27000,"zero_based_half_open_[start,end)",18000,0.0008349241867660081,0.000180058961627675,0.0003633074243194663,0.0002680569557793696,3.775182202359951e-05,7.617236653358979e-05,0.9317053211345263,0.49142695197659353,2,0,5,100.0,1.2359872615704328e-06,0.00022247770708247558,0.009999999999990905,0.0007460868759268899,0.10201263464353805,0.0,0.0,0.009999999999990905,7.888039621450267e-05,0.05887857526848676,0.0006775047536072925,0.16061156491014392,0.0002680569557793696,3.775182202359951e-05,7.617236653358979e-05,1.2359872615704328e-06,control_effort_mean_sq,corrected_feedback_input_target_rmse,evaluation_time_to_tolerance,0.0008449365466386147
finite_time,0.56875,0.9,20,-1,raw_readout,True,False,,,27000,normalized_esn_coordinates,,20.0,controller_validation,chaotic_bursting,gbrt,9000,1140.0,0.2,rest_state_from_quiet_training_data,9000,27000,"zero_based_half_open_[start,end)",18000,0.0007988069238207225,0.00016548460018624958,0.0003339005363283307,0.000222305519356426,4.1420365824318666e-05,8.357443742855805e-05,0.9317053211345263,0.49142695197659353,2,0,5,100.0,1.370213945340084e-06,0.00024663851016099085,0.009999999999990905,0.000746097196954033,0.11451253806614266,0.0,0.0,0.009999999999990905,0.00015671047688338376,0.046497287270785975,0.0005961647245136037,0.16061156491014392,0.000222305519356426,4.1420365824318666e-05,8.357443742855805e-05,1.370213945340084e-06,control_effort_mean_sq,corrected_feedback_input_target_rmse,evaluation_time_to_tolerance,0.0008088206259601669
finite_time,0.6308333333333334,0.9,20,-1,raw_readout,True,False,,,27000,normalized_esn_coordinates,,20.0,controller_validation,chaotic_bursting,gbrt,9000,1140.0,0.2,rest_state_from_quiet_training_data,9000,27000,"zero_based_half_open_[start,end)",18000,0.0007732170644242353,0.00015428176028822475,0.0003112964133698143,0.00019388016279191188,4.9780363442145134e-05,0.00010044251871922892,0.9317053211345263,0.49142695197659353,2,0,5,100.0,1.5218612821331857e-06,0.0002739350307837243,0.009999999999990905,0.000746213743808739,0.12701244148874724,0.0,0.0,0.009999999999990905,0.00021866744291647707,0.034202397468393576,0.0005317645435545781,0.16061156491014392,0.00019388016279191188,4.9780363442145134e-05,0.00010044251871922892,1.5218612821331857e-06,control_effort_mean_sq,corrected_feedback_input_target_rmse,evaluation_time_to_tolerance,0.0007832322830370476
finite_time,0.6929166666666666,0.9,20,-1,raw_readout,True,False,,,27000,normalized_esn_coordinates,,20.0,controller_validation,chaotic_bursting,gbrt,9000,1140.0,0.2,rest_state_from_quiet_training_data,9000,27000,"zero_based_half_open_[start,end)",18000,0.0007551520269076142,0.00014563372393933474,0.00029384715240032616,0.00018249078569473442,5.916807048042321e-05,0.00011938422333371516,0.9317053211345263,0.49142695197659353,2,0,5,100.0,1.6912564633453916e-06,0.0003044261634018936,0.009999999999990905,0.0007461694696502159,0.1395123449113518,0.0,0.0,0.009999999999990905,0.00026939198769346647,0.022138324976810387,0.00047936628808917486,0.16061156491014392,0.00018249078569473442,5.916807048042321e-05,0.00011938422333371516,1.6912564633453916e-06,control_effort_mean_sq,corrected_feedback_input_target_rmse,evaluation_time_to_tolerance,0.0007651689394722386
finite_time,0.755,0.9,20,-1,raw_readout,True,False,,,27000,normalized_esn_coordinates,,20.0,controller_validation,chaotic_bursting,gbrt,9000,1140.0,0.2,rest_state_from_quiet_training_data,9000,27000,"zero_based_half_open_[start,end)",18000,0.0007422806944823705,0.00013903606900207292,0.0002805349739886698,0.00018702458371322914,6.840868816505913e-05,0.00013802914375188327,0.9317053211345263,0.49142695197659353,2,0,5,100.0,1.8804678073072324e-06,0.000338484205314994,0.009999999999990905,0.0007460602869558053,0.15201224833395638,0.0,0.0,0.009999999999990905,0.0003112756005540844,0.011086119434708627,0.0004359753738207175,0.16061156491014392,0.00018702458371322914,6.840868816505913e-05,0.00013802914375188327,1.8804678073072324e-06,control_effort_mean_sq,corrected_feedback_input_target_rmse,evaluation_time_to_tolerance,0.0007522994991604345
finite_time,0.8170833333333333,0.9,20,-1,raw_readout,True,False,,,27000,normalized_esn_coordinates,,20.0,controller_validation,chaotic_bursting,gbrt,9000,1140.0,0.2,rest_state_from_quiet_training_data,9000,27000,"zero_based_half_open_[start,end)",18000,0.0007357478313727298,0.0001341862425397655,0.0002707494129452783,0.00020625743237832114,7.728632093377002e-05,0.00015594166455117414,0.9317053211345263,0.49142695197659353,2,0,5,100.0,2.112546417917555e-06,0.00038025835522481405,0.009999999999990905,0.0007469022781511434,0.16451215175656098,0.0,0.0,0.009999999999990905,0.00034701849192356085,0.008257955352947337,0.0004001606859153824,0.16061156491014392,0.00020625743237832114,7.728632093377002e-05,0.00015594166455117414,2.112546417917555e-06,control_effort_mean_sq,corrected_feedback_input_target_rmse,evaluation_time_to_tolerance,0.0007457689568368999
finite_time,0.8791666666666667,0.9,20,-1,raw_readout,True,False,,,27000,normalized_esn_coordinates,,20.0,controller_validation,chaotic_bursting,gbrt,9000,1140.0,0.2,rest_state_from_quiet_training_data,9000,27000,"zero_based_half_open_[start,end)",18000,0.0007353930997992871,0.00013134660738945946,0.0002650198423471874,0.0002367042337329645,8.612584395033441e-05,0.00017377729078343744,0.9317053211345263,0.49142695197659353,2,0,5,100.0,2.394179879055321e-06,0.00043095237822956585,0.009999999999990905,0.0007481112256473172,0.17701205517916557,0.0,0.0,0.009999999999990905,0.000378176522187435,0.018054937835694885,0.00037004940302491797,0.16061156491014392,0.0002367042337329645,8.612584395033441e-05,0.00017377729078343744,2.394179879055321e-06,control_effort_mean_sq,corrected_feedback_input_target_rmse,evaluation_time_to_tolerance,0.0007454170415980686
finite_time,0.9412499999999999,0.9,20,-1,raw_readout,True,False,,,27000,normalized_esn_coordinates,,20.0,controller_validation,chaotic_bursting,gbrt,9000,1140.0,0.2,rest_state_from_quiet_training_data,9000,27000,"zero_based_half_open_[start,end)",18000,0.0008304403941857031,0.000257091156712628,0.0005187363356771746,0.0004462233937903343,0.000236326999936282,0.00047684021316049134,0.9317053211345263,0.49142695197659353,2,0,5,100.0,4.320482809751158e-06,0.0007776869057545012,0.009999999999990905,0.0013501324722886025,0.18951195860177014,0.0,0.0,0.009999999999990905,0.0006758571566315122,0.029937650292553183,0.0006753855709368806,0.16061156491014392,0.0004462233937903343,0.000236326999936282,0.00047684021316049134,4.320482809751158e-06,control_effort_mean_sq,corrected_feedback_input_target_rmse,evaluation_time_to_tolerance,0.0008404835990137915
finite_time,1.0033333333333332,0.9,20,-1,raw_readout,True,False,,,27000,normalized_esn_coordinates,,20.0,controller_validation,chaotic_bursting,gbrt,9000,1140.0,0.2,rest_state_from_quiet_training_data,9000,27000,"zero_based_half_open_[start,end)",18000,0.0010126593982400667,0.0004774864072167151,0.0009634308405719343,0.0007656401046103948,0.00047110447887619447,0.0009505539366587574,0.9317053211345263,0.49142695197659353,2,0,5,100.0,8.806882275124976e-06,0.0015852388095210538,0.009999999999990905,0.002397510046107872,0.2020118620243747,0.0,0.0,0.009999999999990905,0.0012342985897300864,0.04217866997638164,0.0011635819004126794,0.16061156491014392,0.0007656401046103948,0.00047110447887619447,0.0009505539366587574,8.806882275124976e-06,control_effort_mean_sq,corrected_feedback_input_target_rmse,evaluation_time_to_tolerance,0.0010227474670628089
finite_time,1.0654166666666667,0.9,20,-1,raw_readout,True,False,,,27000,normalized_esn_coordinates,,20.0,controller_validation,chaotic_bursting,gbrt,9000,1140.0,0.2,rest_state_from_quiet_training_data,9000,27000,"zero_based_half_open_[start,end)",18000,0.0014868316322261606,0.0008532082879411994,0.001721530007159029,0.0013914197798365912,0.0008590460522894319,0.0017333089439582202,0.9317053211345263,0.49142695197659353,2,0,5,100.0,2.4138074636647264e-05,0.004344853434592556,0.009999999999990905,0.0045394623946616725,0.2145117654469793,0.0,0.0,0.009999999999990905,0.002342160925024308,0.0545372594476723,0.0021976808914780945,0.16061156491014392,0.0013914197798365912,0.0008590460522894319,0.0017333089439582202,2.4138074636647264e-05,control_effort_mean_sq,corrected_feedback_input_target_rmse,evaluation_time_to_tolerance,0.001497073012972518
finite_time,1.1275,0.9,20,-1,raw_readout,True,False,,,27000,normalized_esn_coordinates,,20.0,controller_validation,chaotic_bursting,gbrt,9000,1140.0,0.2,rest_state_from_quiet_training_data,9000,27000,"zero_based_half_open_[start,end)",18000,0.002389274571908126,0.0014935562042872465,0.003013568737433825,0.0024364804593456036,0.0015126476591129495,0.003052089826395673,0.9317053211345263,0.49142695197659353,2,0,5,100.0,6.919861220962524e-05,0.012455750197721214,0.009999999999990905,0.008069961869591913,0.2270116688695839,0.0,0.0,0.009999999999990905,0.004167761916088913,0.06694834057911937,0.0039027396517924712,0.16061156491014392,0.0024364804593456036,0.0015126476591129495,0.003052089826395673,6.919861220962524e-05,control_effort_mean_sq,corrected_feedback_input_target_rmse,evaluation_time_to_tolerance,0.0023999665580302135
finite_time,1.1895833333333332,0.9,20,-1,raw_readout,True,False,,,27000,normalized_esn_coordinates,,20.0,controller_validation,chaotic_bursting,gbrt,9000,1140.0,0.2,rest_state_from_quiet_training_data,9000,27000,"zero_based_half_open_[start,end)",18000,0.003942837650165717,0.0025469949442413096,0.00513910646036286,0.004147329852942933,0.002584151951428469,0.005214078660882936,0.9317053211345263,0.49142695197659353,2,0,5,100.0,0.0001957612444781785,0.035237024006040084,0.009999999999990905,0.013823167483201382,0.23951157229218845,0.0,0.0,0.009999999999990905,0.007142579290908161,0.07938729820117159,0.006681438775947069,0.16061156491014392,0.004147329852942933,0.002584151951428469,0.005214078660882936,0.0001957612444781785,control_effort_mean_sq,corrected_feedback_input_target_rmse,evaluation_time_to_tolerance,0.0039547952626104894
finite_time,1.2516666666666667,0.9,20,-1,raw_readout,True,False,,,27000,normalized_esn_coordinates,,20.0,controller_validation,chaotic_bursting,gbrt,9000,1140.0,0.2,rest_state_from_quiet_training_data,9000,27000,"zero_based_half_open_[start,end)",18000,0.006470450903120017,0.004232439410841186,0.008539850763554388,0.006881306607339621,0.004296612921995236,0.008669334532849496,0.9317053211345263,0.49142695197659353,2,0,5,100.0,0.0005342730525768862,0.09616914946375206,0.009999999999990905,0.022999091527156033,0.2520114757147931,0.0,0.0,0.009999999999990905,0.01188714933321758,0.09184280644783531,0.011113310914706201,0.16061156491014392,0.006881306607339621,0.004296612921995236,0.008669334532849496,0.0005342730525768862,control_effort_mean_sq,corrected_feedback_input_target_rmse,evaluation_time_to_tolerance,0.006485793633645777
finite_time,1.31375,0.9,20,-1,raw_readout,True,False,,,27000,normalized_esn_coordinates,,20.0,controller_validation,chaotic_bursting,gbrt,9000,1140.0,0.2,rest_state_from_quiet_training_data,9000,27000,"zero_based_half_open_[start,end)",18000,0.010443431190643376,0.006865457733225704,0.013852527768043195,0.011151186569496398,0.0069708562817684385,0.014065191857916439,0.9317053211345263,0.49142695197659353,2,0,5,100.0,0.001398439461922711,0.25171910314585905,0.009999999999990905,0.03731687125906211,0.2645113791373976,0.0,0.0,0.009999999999990905,0.019290414169505957,0.10430893656775674,0.01802864596225796,0.16061156491014392,0.011151186569496398,0.0069708562817684385,0.014065191857916439,0.001398439461922711,control_effort_mean_sq,corrected_feedback_input_target_rmse,evaluation_time_to_tolerance,0.010467415585262594
finite_time,1.3758333333333332,0.9,20,-1,raw_readout,True,False,,,27000,normalized_esn_coordinates,,20.0,controller_validation,chaotic_bursting,gbrt,9000,1140.0,0.2,rest_state_from_quiet_training_data,9000,27000,"zero_based_half_open_[start,end)",18000,0.016533519504878903,0.010892352429482359,0.02197764815570771,0.017680993618888658,0.01106027627049637,0.022316470381544953,0.9317053211345263,0.49142695197659353,2,0,5,100.0,0.0035111975068920246,0.6320155512399895,0.009999999999990905,0.059202544162975664,0.27701128256000224,0.0,0.0,0.009999999999990905,0.030606858931452596,0.11678228705898361,0.028599134707344005,0.16061156491014392,0.017680993618888658,0.01106027627049637,0.022316470381544953,0.0035111975068920246,control_effort_mean_sq,corrected_feedback_input_target_rmse,evaluation_time_to_tolerance,0.01657863147994781
finite_time,1.4379166666666665,0.9,20,-1,raw_readout,True,False,,,27000,normalized_esn_coordinates,,20.0,controller_validation,chaotic_bursting,gbrt,9000,1140.0,0.2,rest_state_from_quiet_training_data,9000,27000,"zero_based_half_open_[start,end)",18000,0.0256777314792317,0.016933897402720527,0.03416775590316912,0.027476779759827256,0.01719534130644212,0.03469527483589254,0.9317053211345263,0.49142695197659353,2,0,5,100.0,0.008475010027620612,1.5255018049703228,0.009999999999990905,0.0920262322974762,0.2895111859826068,0.0,0.0,0.009999999999990905,0.047579239023934614,0.12926076769347453,0.044452339076828454,0.16061156491014392,0.027476779759827256,0.01719534130644212,0.03469527483589254,0.008475010027620612,control_effort_mean_sq,corrected_feedback_input_target_rmse,evaluation_time_to_tolerance,0.025772481579507896
finite_time,1.5,0.9,20,-1,raw_readout,True,False,,,27000,normalized_esn_coordinates,,20.0,controller_validation,chaotic_bursting,gbrt,9000,1140.0,0.2,rest_state_from_quiet_training_data,9000,27000,"zero_based_half_open_[start,end)",18000,0.039159963599693204,0.02584073640842701,0.052139206525452494,0.04191520525127715,0.026239895018141952,0.05294459429998793,0.9317053211345263,0.49142695197659353,2,0,5,100.0,0.019717121611332867,3.549081890036688,0.009999999999990905,0.14039842435646158,0.3020110894052114,0.0,0.0,0.01999999999998181,0.0725920386479181,0.1417430235667163,0.0678145351389772,0.16061156491014392,0.04191520525127715,0.026239895018141952,0.05294459429998793,0.019717121611332867,control_effort_mean_sq,corrected_feedback_input_target_rmse,evaluation_time_to_tolerance,0.039377134815806514
finite_time,0.6556666666666666,0.9,20,-1,raw_readout,True,False,,,27000,normalized_esn_coordinates,,20.0,controller_validation,chaotic_bursting,gbrt,9000,1140.0,0.2,rest_state_from_quiet_training_data,9000,27000,"zero_based_half_open_[start,end)",18000,0.0007652044522905069,0.00015054851242809529,0.00030376378821109337,0.00018731872663728155,5.351207485718765e-05,0.00010797204377172854,0.9317053211345263,0.49142695197659353,2,0,5,100.0,1.587338810011376e-06,0.00028572098580178785,0.009999999999990905,0.0007462190505874759,0.13201240285778906,0.0,0.0,0.009999999999990905,0.00024016379166468414,0.02933300441695786,0.0005095654783152404,0.16061156491014392,0.00018731872663728155,5.351207485718765e-05,0.00010797204377172854,1.587338810011376e-06,control_effort_mean_sq,corrected_feedback_input_target_rmse,evaluation_time_to_tolerance,0.000775220325678598
finite_time,0.6791929824561403,0.9,20,-1,raw_readout,True,False,,,27000,normalized_esn_coordinates,,20.0,controller_validation,chaotic_bursting,gbrt,9000,1140.0,0.2,rest_state_from_quiet_training_data,9000,27000,"zero_based_half_open_[start,end)",18000,0.0007586034771092864,0.00014735463255324984,0.00029731945319757,0.00018358451473474464,5.708634469780489e-05,0.00011518389681074891,0.9317053211345263,0.49142695197659353,2,0,5,100.0,1.6521484565536828e-06,0.0002973867221793924,0.009999999999990905,0.0007461958444673214,0.1367492083653024,0.0,0.0,0.009999999999990905,0.0002590199748270316,0.024767934344786725,0.0004900909707684956,0.16061156491014392,0.00018358451473474464,5.708634469780489e-05,0.00011518389681074891,1.6521484565536828e-06,control_effort_mean_sq,corrected_feedback_input_target_rmse,evaluation_time_to_tolerance,0.0007686199985938428
finite_time,0.702719298245614,0.9,20,-1,raw_readout,True,False,,,27000,normalized_esn_coordinates,,20.0,controller_validation,chaotic_bursting,gbrt,9000,1140.0,0.2,rest_state_from_quiet_training_data,9000,27000,"zero_based_half_open_[start,end)",18000,0.0007528514584078075,0.00014446534297207745,0.0002914896941766368,0.00018218495825294667,6.064894228736141e-05,0.00012237219858950128,0.9317053211345263,0.49142695197659353,2,0,5,100.0,1.7198006107668485e-06,0.0003095641099377512,0.009999999999990905,0.0007461455655169963,0.1414860138728157,0.0,0.0,0.009999999999990905,0.0002765340341563699,0.02028178118711714,0.0004719738203250415,0.16061156491014392,0.00018218495825294667,6.064894228736141e-05,0.00012237219858950128,1.7198006107668485e-06,control_effort_mean_sq,corrected_feedback_input_target_rmse,evaluation_time_to_tolerance,0.0007628686564139061
finite_time,0.7262456140350877,0.9,20,-1,raw_readout,True,False,,,27000,normalized_esn_coordinates,,20.0,controller_validation,chaotic_bursting,gbrt,9000,1140.0,0.2,rest_state_from_quiet_training_data,9000,27000,"zero_based_half_open_[start,end)",18000,0.0007478256029915774,0.0001418588684118856,0.0002862305748833932,0.00018301496628244586,6.41726856242959e-05,0.0001294821036124556,0.9317053211345263,0.49142695197659353,2,0,5,100.0,1.7904248119153732e-06,0.00032227646614447407,0.009999999999990905,0.000746079950962125,0.14622281938032902,0.0,0.0,0.009999999999990905,0.00029282026751263894,0.015941310403117304,0.0004550902123414226,0.16061156491014392,0.00018301496628244586,6.41726856242959e-05,0.0001294821036124556,1.7904248119153732e-06,control_effort_mean_sq,corrected_feedback_input_target_rmse,evaluation_time_to_tolerance,0.0007578435072396874
finite_time,0.7497719298245613,0.9,20,-1,raw_readout,True,False,,,27000,normalized_esn_coordinates,,20.0,controller_validation,chaotic_bursting,gbrt,9000,1140.0,0.2,rest_state_from_quiet_training_data,9000,27000,"zero_based_half_open_[start,end)",18000,0.0007431708257368197,0.000139521522010612,0.000281514479149458,0.00018602880832917234,6.764473278820572e-05,0.00013648770056154912,0.9317053211345263,0.49142695197659353,2,0,5,100.0,1.8632533021235476e-06,0.00033538559438193354,0.009999999999990905,0.0007460366698719058,0.15095962488784231,0.0,0.0,0.009999999999990905,0.00030801179222877896,0.011906920653426628,0.00043932179045820194,0.16061156491014392,0.00018602880832917234,6.764473278820572e-05,0.00013648770056154912,1.8632533021235476e-06,control_effort_mean_sq,corrected_feedback_input_target_rmse,evaluation_time_to_tolerance,0.0007531894582698318
finite_time,0.773298245614035,0.9,20,-1,raw_readout,True,False,,,27000,normalized_esn_coordinates,,20.0,controller_validation,chaotic_bursting,gbrt,9000,1140.0,0.2,rest_state_from_quiet_training_data,9000,27000,"zero_based_half_open_[start,end)",18000,0.0007396502543622466,0.0001374292540299713,0.00027729288148966213,0.00019132826683684783,7.106060508720181e-05,0.00014337995271903207,0.9317053211345263,0.49142695197659353,2,0,5,100.0,1.943904230021326e-06,0.0003499027614035205,0.009999999999990905,0.0007462317539050123,0.15569643039535563,0.0,0.0,0.009999999999990905,0.0003223530123015912,0.008619674840587845,0.0004247064211544749,0.16061156491014392,0.00019132826683684783,7.106060508720181e-05,0.00014337995271903207,1.943904230021326e-06,control_effort_mean_sq,corrected_feedback_input_target_rmse,evaluation_time_to_tolerance,0.0007496696934045377
finite_time,0.7968245614035088,0.9,20,-1,raw_readout,True,False,,,27000,normalized_esn_coordinates,,20.0,controller_validation,chaotic_bursting,gbrt,9000,1140.0,0.2,rest_state_from_quiet_training_data,9000,27000,"zero_based_half_open_[start,end)",18000,0.0007371624539490608,0.0001355808955282141,0.0002735634233142842,0.00019858960505427658,7.442408708043563e-05,0.000150166496241556,0.9317053211345263,0.49142695197659353,2,0,5,100.0,2.0316265513708717e-06,0.00036569277924642437,0.009999999999990905,0.0007465660018519264,0.16043323590286895,0.0,0.0,0.009999999999990905,0.00033589300339274136,0.007190096112011123,0.00041113036624433185,0.16061156491014392,0.00019858960505427658,7.442408708043563e-05,0.000150166496241556,2.0316265513708717e-06,control_effort_mean_sq,corrected_feedback_input_target_rmse,evaluation_time_to_tolerance,0.0007471827702145654
finite_time,0.8203508771929824,0.9,20,-1,raw_readout,True,False,,,27000,normalized_esn_coordinates,,20.0,controller_validation,chaotic_bursting,gbrt,9000,1140.0,0.2,rest_state_from_quiet_training_data,9000,27000,"zero_based_half_open_[start,end)",18000,0.000735580307668474,0.0001339786395598389,0.0002703305295793166,0.00020760802518661546,7.774572903669478e-05,0.00015686861855044364,0.9317053211345263,0.49142695197659353,2,0,5,100.0,2.126073253203221e-06,0.0003826931855762317,0.009999999999990905,0.000746959035228358,0.16517004141038225,0.0,0.0,0.009999999999990905,0.00034876860943144916,0.008600629202242142,0.0003984483887593478,0.16061156491014392,0.00020760802518661546,7.774572903669478e-05,0.00015686861855044364,2.126073253203221e-06,control_effort_mean_sq,corrected_feedback_input_target_rmse,evaluation_time_to_tolerance,0.000745601568400997
finite_time,0.8438771929824561,0.9,20,-1,raw_readout,True,False,,,27000,normalized_esn_coordinates,,20.0,controller_validation,chaotic_bursting,gbrt,9000,1140.0,0.2,rest_state_from_quiet_training_data,9000,27000,"zero_based_half_open_[start,end)",18000,0.0007348625259466225,0.0001326356198413502,0.0002676207003637993,0.00021819916142433332,8.104434811973159e-05,0.00016352428729381457,0.9317053211345263,0.49142695197659353,2,0,5,100.0,2.2275254036424277e-06,0.0004009545726552723,0.009999999999990905,0.0007473824234840825,0.16990684691789557,0.0,0.0,0.009999999999990905,0.00036099986808155025,0.011879344093046227,0.00038655274806653273,0.16061156491014392,0.00021819916142433332,8.104434811973159e-05,0.00016352428729381457,2.2275254036424277e-06,control_effort_mean_sq,corrected_feedback_input_target_rmse,evaluation_time_to_tolerance,0.0007448848012006498
finite_time,0.8674035087719298,0.9,20,-1,raw_readout,True,False,,,27000,normalized_esn_coordinates,,20.0,controller_validation,chaotic_bursting,gbrt,9000,1140.0,0.2,rest_state_from_quiet_training_data,9000,27000,"zero_based_half_open_[start,end)",18000,0.000735000432106781,0.00013166244283138858,0.00026565710782888746,0.000230204987852428,8.43795364718916e-05,0.0001702537423505925,0.9317053211345263,0.49142695197659353,2,0,5,100.0,2.3365571418038915e-06,0.00042058028552431794,0.009999999999990905,0.0007478411113757285,0.1746436524254089,0.0,0.0,0.009999999999990905,0.0003725956794455656,0.015910419929075825,0.00037537325395874414,0.16061156491014392,0.000230204987852428,8.43795364718916e-05,0.0001702537423505925,2.3365571418038915e-06,control_effort_mean_sq,corrected_feedback_input_target_rmse,evaluation_time_to_tolerance,0.0007450237976781899
finite_time,0.8909298245614035,0.9,20,-1,raw_readout,True,False,,,27000,normalized_esn_coordinates,,20.0,controller_validation,chaotic_bursting,gbrt,9000,1140.0,0.2,rest_state_from_quiet_training_data,9000,27000,"zero_based_half_open_[start,end)",18000,0.0007407814006899816,0.00017832587410839017,0.0003598105499786403,0.00025391035710465405,0.00013879323454846093,0.0002800450035974141,0.9317053211345263,0.49142695197659353,2,0,5,100.0,2.527397421792395e-06,0.0004549315359222173,0.009999999999990905,0.0007921524189783851,0.1793804579329222,0.0,0.0,0.009999999999990905,0.00040137402130900466,0.020249413853000445,0.00039115583170373124,0.16061156491014392,0.00025391035710465405,0.00013879323454846093,0.0002800450035974141,2.527397421792395e-06,control_effort_mean_sq,corrected_feedback_input_target_rmse,evaluation_time_to_tolerance,0.0007508066746641904
finite_time,0.9144561403508772,0.9,20,-1,raw_readout,True,False,,,27000,normalized_esn_coordinates,,20.0,controller_validation,chaotic_bursting,gbrt,9000,1140.0,0.2,rest_state_from_quiet_training_data,9000,27000,"zero_based_half_open_[start,end)",18000,0.0008077710256065558,0.0002281649508123149,0.00046037153524748,0.00038589242172992847,0.000196707631979949,0.00039689967371017286,0.9317053211345263,0.49142695197659353,2,0,5,100.0,3.722727378948512e-06,0.0006700909282101227,0.009999999999990905,0.001180463054159391,0.18411726344043555,0.0,0.0,0.009999999999990905,0.0005753286542914519,0.02473480772702014,0.0006061644296414978,0.16061156491014392,0.00038589242172992847,0.000196707631979949,0.00039689967371017286,3.722727378948512e-06,control_effort_mean_sq,corrected_feedback_input_target_rmse,evaluation_time_to_tolerance,0.0008178082528803362
finite_time,0.9379824561403509,0.9,20,-1,raw_readout,True,False,,,27000,normalized_esn_coordinates,,20.0,controller_validation,chaotic_bursting,gbrt,9000,1140.0,0.2,rest_state_from_quiet_training_data,9000,27000,"zero_based_half_open_[start,end)",18000,0.0008797648522057733,0.0002813922126112652,0.0005677689078244767,0.0005158194971710069,0.0002563432352892574,0.0005172272444136141,0.9317053211345263,0.49142695197659353,2,0,5,100.0,5.217330979040367e-06,0.0009391195762264119,0.009999999999990905,0.001647851902808953,0.18885406894794884,0.0,0.0,0.009999999999990905,0.0008131333002520289,0.029299442281846663,0.0008355554507199814,0.16061156491014392,0.0005158194971710069,0.0002563432352892574,0.0005172272444136141,5.217330979040367e-06,control_effort_mean_sq,corrected_feedback_input_target_rmse,evaluation_time_to_tolerance,0.0008898170255155546
finite_time,0.9615087719298245,0.9,20,-1,raw_readout,True,False,,,27000,normalized_esn_coordinates,,20.0,controller_validation,chaotic_bursting,gbrt,9000,1140.0,0.2,rest_state_from_quiet_training_data,9000,27000,"zero_based_half_open_[start,end)",18000,0.0008949679201816389,0.00030733719761869395,0.0006201184581709191,0.0005625058689059544,0.00029308917523618126,0.0005913700289528246,0.9317053211345263,0.49142695197659353,2,0,5,100.0,5.743678690870295e-06,0.0010338621643557128,0.009999999999990905,0.0017602194952568153,0.19359087445546216,0.0,0.0,0.009999999999990905,0.0008879509054071468,0.03391133402852012,0.0008731041879652597,0.16061156491014392,0.0005625058689059544,0.00029308917523618126,0.0005913700289528246,5.743678690870295e-06,control_effort_mean_sq,corrected_feedback_input_target_rmse,evaluation_time_to_tolerance,0.0009050253569685386
finite_time,0.9850350877192983,0.9,20,-1,raw_readout,True,False,,,27000,normalized_esn_coordinates,,20.0,controller_validation,chaotic_bursting,gbrt,9000,1140.0,0.2,rest_state_from_quiet_training_data,9000,27000,"zero_based_half_open_[start,end)",18000,0.000928512792032237,0.0004018789034022121,0.0008108765482347881,0.0006340333114836444,0.0003915066651113682,0.0007899483414751249,0.9317053211345263,0.49142695197659353,2,0,5,100.0,6.680402298424857e-06,0.0012024724137153805,0.009999999999990905,0.0019362161158559634,0.19832767996297548,0.0,0.0,0.009999999999990905,0.0009954869600289089,0.03855352754278763,0.0009411532695939151,0.16061156491014392,0.0006340333114836444,0.0003915066651113682,0.0007899483414751249,6.680402298424857e-06,control_effort_mean_sq,corrected_feedback_input_target_rmse,evaluation_time_to_tolerance,0.0009385795960552122
finite_time,1.008561403508772,0.9,20,-1,raw_readout,True,False,,,27000,normalized_esn_coordinates,,20.0,controller_validation,chaotic_bursting,gbrt,9000,1140.0,0.2,rest_state_from_quiet_training_data,9000,27000,"zero_based_half_open_[start,end)",18000,0.0010404892353457287,0.0005016096636974764,0.001012104664407183,0.000806807474096968,0.0004963146515287219,0.0010014208460880022,0.9317053211345263,0.49142695197659353,2,0,5,100.0,9.549521754111905e-06,0.0017189139157385794,0.009999999999990905,0.002540409378089275,0.2030644854704888,0.0,0.0,0.009999999999990905,0.00130824338146934,0.043216259084089555,0.0012325284548827696,0.16061156491014392,0.000806807474096968,0.0004963146515287219,0.0010014208460880022,9.549521754111905e-06,control_effort_mean_sq,corrected_feedback_input_target_rmse,evaluation_time_to_tolerance,0.0010505847305632607
finite_time,1.0320877192982456,0.9,20,-1,raw_readout,True,False,,,27000,normalized_esn_coordinates,,20.0,controller_validation,chaotic_bursting,gbrt,9000,1140.0,0.2,rest_state_from_quiet_training_data,9000,27000,"zero_based_half_open_[start,end)",18000,0.0011906274223651785,0.0006258258051906324,0.0012627372683988558,0.001015672321191929,0.0006252241469888722,0.0012615232944337379,0.9317053211345263,0.49142695197659353,2,0,5,100.0,1.3892161903816005e-05,0.002500589142684607,0.009999999999990905,0.0032593899319530665,0.2078012909780021,0.0,0.0,0.009999999999990905,0.00168015582136209,0.047893530515987236,0.0015795832323722329,0.16061156491014392,0.001015672321191929,0.0006252241469888722,0.0012615232944337379,1.3892161903816005e-05,control_effort_mean_sq,corrected_feedback_input_target_rmse,evaluation_time_to_tolerance,0.0012007663439842077
finite_time,1.0556140350877192,0.9,20,-1,raw_readout,True,False,,,27000,normalized_esn_coordinates,,20.0,controller_validation,chaotic_bursting,gbrt,9000,1140.0,0.2,rest_state_from_quiet_training_data,9000,27000,"zero_based_half_open_[start,end)",18000,0.0013882825687515016,0.0007793147803467467,0.0015724340683876854,0.0012698795974081351,0.000783253379768467,0.0015803810341948649,0.9317053211345263,0.49142695197659353,2,0,5,100.0,2.0480649881018554e-05,0.003686516978579987,0.009999999999990905,0.004126551432426355,0.2125380964855154,0.0,0.0,0.009999999999990905,0.002128628513536811,0.0525814618870612,0.001998289395992445,0.16061156491014392,0.0012698795974081351,0.000783253379768467,0.0015803810341948649,2.0480649881018554e-05,control_effort_mean_sq,corrected_feedback_input_target_rmse,evaluation_time_to_tolerance,0.0013984873752503027
finite_time,1.0791403508771928,0.9,20,-1,raw_readout,True,False,,,27000,normalized_esn_coordinates,,20.0,controller_validation,chaotic_bursting,gbrt,9000,1140.0,0.2,rest_state_from_quiet_training_data,9000,27000,"zero_based_half_open_[start,end)",18000,0.0016427481670265207,0.0009676809101873578,0.0019525029793865602,0.0015790770123942771,0.0009762256622260422,0.0019697438421937227,0.9317053211345263,0.49142695197659353,2,0,5,100.0,3.0431698385893052e-05,0.005477705709455768,0.009999999999990905,0.005175572722080058,0.21727490199302874,0.0,0.0,0.009999999999990905,0.002671105189106798,0.057277435835651244,0.002504870759683412,0.16061156491014392,0.0015790770123942771,0.0009762256622260422,0.0019697438421937227,3.0431698385893052e-05,control_effort_mean_sq,corrected_feedback_input_target_rmse,evaluation_time_to_tolerance,0.0016530524840103705
finite_time,1.1026666666666667,0.9,20,-1,raw_readout,True,False,,,27000,normalized_esn_coordinates,,20.0,controller_validation,chaotic_bursting,gbrt,9000,1140.0,0.2,rest_state_from_quiet_training_data,9000,27000,"zero_based_half_open_[start,end)",18000,0.001964334294763464,0.0011974977676674058,0.0024162075892627346,0.0019544156883253626,0.0012109213158117995,0.002443292465558158,0.9317053211345263,0.49142695197659353,2,0,5,100.0,4.537895555518965e-05,0.008168211999926707,0.009999999999990905,0.006444411577854467,0.22201170750054208,0.0,0.0,0.009999999999990905,0.003327218447904063,0.06197962431691481,0.003117652411181184,0.16061156491014392,0.0019544156883253626,0.0012109213158117995,0.002443292465558158,4.537895555518965e-05,control_effort_mean_sq,corrected_feedback_input_target_rmse,evaluation_time_to_tolerance,0.001974788084319007
